:020000040800F2
:10000000B0190020F1010008B56500084159000849
:10001000B1650008710B0008997C00080000000021
:10002000000000000000000000000000A56E0008B5
:10003000750B000800000000076C0008A76E0008A0
:100040000B0200080B0200080B0200080B0200085C
:100050000B0200080B0200080B020008830B0008CB
:100060000B0200080B0200080B0200080B0200083C
:100070000B0200080B0200080B0200080B0200082C
:100080000B0200080B020008E50900080B0200083B
:100090000B0200080B0200080B0200080B0200080C
:1000A0000B0200080B0200080B0200080B020008FC
:1000B000316F00080B0200080B0200080B02000859
:1000C0000B0200080B0200080B0200080B020008DC
:1000D0000B0200080B0200080B0200080B020008CC
:1000E000770B00080B0200080B0200080B02000847
:1000F0000B0200080B0200080B0200080B020008AC
:100100000B0200080B0200080B0200080B0200089B
:100110000B0200080B0200080B0200080B0200088B
:100120000B0200080B0200080B0200080B0200087B
:100130000B0200080B0200080B0200080B0200086B
:100140000B0200080B0200080B0200080B0200085B
:100150000B0200080B0200080B0200080B0200084B
:100160000B0200080B0200080B0200080B0200083B
:100170000B0200080B0200080B0200080B0200082B
:100180000B0200080B0200080B0200080B0200081B
:100190000B020008000000000B0200080B02000820
:1001A0000B0200080B0200080B0200080B020008FB
:1001B0000B0200080B0200080B0200080B020008EB
:1001C0000B0200080B0200080B0200080B020008DB
:1001D0000B0200080B020008DFF810D000F040FB13
:1001E00000480047C9A10008AFF30080B019002003
:1001F0000648804706480047FEE7FEE7FEE7FEE7C1
:10020000FEE7FEE7FEE7FEE7FEE7FEE71D6F0008FC
:10021000D90100082DE9F05F0546002092469B4673
:1002200088460646814640241BE02846414647460C
:10023000224600F0D6F953465A46C01A914110D3CF
:1002400011461846224600F0BDF92D1A67EB010849
:100250004F4622460120002100F0B4F917EB0009B7
:100260004E41201EA4F10104DFDC484631462A46F7
:100270004346BDE8F09F40EA01039B0703D009E035
:1002800008C9121F08C0042AFAD203E011F8013B82
:1002900000F8013B521EF9D27047D2B201E000F8DB
:1002A000012B491EFBD270470022F6E710B513461A
:1002B0000A4604461946FFF7F0FF204610BD2DE917
:1002C000FE4F804681EA0300C00F0C46009021F0EB
:1002D000004123F00045B8EB0200A94105D2404699
:1002E000214690461C460B46024623F00040104330
:1002F00047D0270DC7F30A00C3F30A510290401AF2
:10030000019040286BDAC3F3130040F4801B00987F
:10031000924620B10023D2EB030A63EB0B0B01984A
:100320005946C0F14002504600F04CF906460D46D1
:1003300050465946019A00F064F910EB08006141FB
:10034000002487EA115284EAE7731A4340D0009AE6
:1003500062B3019A012A4FEA075215DC001B61EBD8
:1003600002014FF0004202EA0752CDE90042001CB0
:1003700041F5801132462B4600F0C4F903B0BDE8C8
:10038000F08F40462146F9E7001B61EB0201001C9B
:1003900041F5801300185B412018A2F5001747EBC8
:1003A000030140EAD570B6196D4111E06D084FEABE
:1003B000360645EAC0754FEA0752001B61EB0201A1
:1003C000001C41F5801149084FEA300000195141E5
:1003D00032462B4603B0BDE8F04F00F084B90098D8
:1003E000012240000023D0EB020263EBE07300988F
:1003F00021464FEAE074B8EB000061EB0401E9E745
:1004000083F000435BE781F0004158E72DE9FE4FA0
:1004100081EA030404F0004421F0004100944FF00D
:10042000000B23F0004350EA01045ED052EA0304BB
:100430005BD0C3F30A54C1F30A552C44A4F2F3343D
:100440000194A0FB0254C1F3130141F48011C3F3E2
:10045000130343F4801301FB024400FB034E840AA0
:10046000970A44EA815447EA8357A4FB0768029538
:100470008D0A05FB07854FEA932C04FB0C542705D6
:10048000029D4FEA065847EA1637B5EB08056EEBB2
:10049000070C870E920E47EA811742EA8312A7FBE8
:1004A0000201B6EB0B0164EB00042B0D43EA0C33A5
:1004B0005E1844EB1C50DA465146E7FB0201C5F3D7
:1004C00013044FEA0B3343EA14534FEA0432019CFE
:1004D00043EA0603A4F10C040294009CCDE900B4A5
:1004E00000F010F903B0BDE8F08F00200146F9E7F5
:1004F0000EB540F2334102910021CDE900110A46C8
:100500000B4600F0FFF803B000BDC1F30A5210B56E
:10051000C1F3130140F2FF3341F480119A4201DA32
:10052000002010BD40F233439A42A2F2334203DC72
:10053000524200F056F810BD904010BD00F000424D
:1005400030F000400AD0C10D01F56071C0F3160013
:1005500042EA0151C208400711437047002001469A
:100560007047000030B5041E71F1000404DB4FF049
:100570000044404264EB0101141E73F1000405DBEA
:100580001C464FF00043524263EB04038B4208BF0A
:10059000824230BD30B5041E71F1000404DB4FF01F
:1005A0000044404264EB0101141E73F1000405DBBA
:1005B0001C464FF00043524263EB0403994208BFCC
:1005C000904230BD202A04DB203A00FA02F10020DC
:1005D00070479140C2F1200320FA03F31943904081
:1005E0007047202A04DB203A21FA02F000217047EC
:1005F00021FA02F3D040C2F120029140084319468B
:100600007047202A06DBCB17203A41FA02F043EA72
:10061000E07306E041FA02F3D040C2F120029140BB
:100620000843194670470029A8BF7047401C49007D
:1006300008BF20F00100704710B4B0FA80FC00FA47
:100640000CF050EA010404BF10BC704749B1CCF172
:10065000200421FA04F411FA0CF118BF01212143FE
:100660000843A3EB0C01CB1D4FEA00614FEA1020B9
:1006700042BF002010BC704700EBC350104400295B
:10068000A4BF10BC7047401C490008BF20F0010007
:1006900010BC7047F0B400F0004221F0004120F09F
:1006A0000040CE0DC30DC1F3160141F40001C0F3AB
:1006B00016004C42154640F40000761E09E010EB8F
:1006C000440002D582F0004240428842F7D8400000
:1006D0005B1EB342F9DA18B1F0BC0021FFF7ACBFE2
:1006E0002846F0BC704710B5141E73F1000408DAF8
:1006F000401C41F1000192185B411A4301D120F0E6
:10070000010010BD2DE9F04D92469B4611B1B1FAA2
:1007100081F202E0B0FA80F220329046FFF752FFF9
:1007200004460F4640EA0A0041EA0B0153465A4686
:10073000084313D0114653EA010019D0C8F1400212
:100740005046FFF74EFF05460E4650465946424674
:10075000FFF738FF084305D0012004E02046394662
:10076000BDE8F08D0020054346EAE0762C43374390
:100770000A986305E40AA0EB08000022FD0A44EA97
:1007800047540A3002D500200146E9E70105101957
:100790006941DDE9084500196941BDE8F04DA2E76E
:1007A0002DE9F041054621F000400C46284309D0D0
:1007B000C4F30A5040F23341884205DD2846214601
:1007C000BDE8F0812846FBE740F2FE31884210DCAC
:1007D0000CDB4FEA043040EA155050EA053105D0F1
:1007E000104804F0004101430020E9E700200146E1
:1007F000E6E7A0F233404642C6F1400228462146D1
:10080000FFF7E0FE07468846284621463246FFF7B6
:10081000E8FE43463A46FFF766FF3246BDE8F04140
:10082000FFF7D0BE0000F03F002801DBC0F1004020
:10083000002901DBC1F10041814202D24FF00040AA
:1008400004E04FF0005001D14FF0C0404FEA206269
:10085000EFF3008162F31F6181F3008870470000AD
:10086000064C074D06E0E06840F0010394E80700FD
:1008700098471034AC42F6D3FFF7B2FCB4CA000874
:10088000D4CA00089FED221A9FED222A20EE010A09
:10089000B5EE001A30EE010ABDEEC01A11EE100AD4
:1008A000B5EE400AF1EE10FAB8BF013801EE100AB9
:1008B000B8EEC11A30EE410A20EE020ABDEEC01AAF
:1008C0009FED152A11EE100A002130EE021AB1EB4D
:1008D000502F4CF2B0211CBF0020B0EE410AC0F6F0
:1008E000000101EE100A01EB8001B8EE411A30EE72
:1008F000410A91ED001A91ED012AB7EE003A33EE6C
:10090000403A23EE011A20EE020A31EE000A704747
:1009100083F9223E00000044000000C490ED082A44
:1009200090ED060A90ED071A32EE023A30EE011A07
:1009300030EE030A31EE021AB1EE400A80ED001AE1
:1009400080ED010A80ED022A19B10021C0E90311EE
:10095000416170479FED201A9FED202A20EE010A89
:10096000BDEEC01A11EE100AB5EE400AF1EE10FA13
:10097000B8BF013801EE100AB8EEC11A30EE410AD4
:1009800020EE020ABDEEC01A9FED152A11EE100AE4
:10099000002130EE021AB1EB502F4CF2B0211CBFF7
:1009A0000020B0EE410AC0F6000101EE100A01EB92
:1009B0008001B8EE411A30EE410A91ED001A91ED36
:1009C000012AB7EE003A33EE403A23EE011A20EE48
:1009D000020A31EE000A704783F9223E000000440B
:1009E000000000C410B5034801F000FB024801F00C
:1009F000FDFA10BDD40000204001002070B504466F
:100A0000206805F091F90646206805F092F998B340
:100A100096BB2068806800F00D0001280AD120688C
:100A200081681A4A1140891C816000BF0320216837
:100A3000086009E0E06D40F01000E065206E40F0D5
:100A400001002066012070BD02F0F8F9054614E0AF
:100A500002F0F4F9401B02280FD92068806800F0EA
:100A6000010050B1E06D40F01000E065206E40F0F4
:100A7000010020660120E6E705E02068806800F0BC
:100A800001000028E4D10020DDE70000C0FFFF7F67
:100A900038B5044600200090206805F04AF9002887
:100AA00058D1206880682C49084048B1E06D40F07A
:100AB0001000E065206E40F001002066012038BD86
:100AC000206805F0E9F82168B1F1A04F03D0234A6E
:100AD0002168914201D1224900E02249084605F0EF
:100AE000E3F800F4000080B11F4800681F49B0FB24
:100AF000F1F0401C00EB40008000009002E0009804
:100B0000401E009000980028F9D102F097F90546A0
:100B10001AE0206805F00DF910B9206805F0BCF85E
:100B200002F08CF9401B02280ED92068006800F002
:100B3000010048B9E06D40F01000E065206E40F023
:100B4000010020660120BAE72068006800F001007B
:100B50000028DED00020B2E73F00008000010050F6
:100B6000000300500007005010000020400D03005B
:100B700000BFFEE7704710B54FF4006002F054F874
:100B800010BD10B5022002F04FF810BD72B600BFC4
:100B9000FEE70000F8B504460D460020009000BFB7
:100BA00094F85800012801D10220F8BD012084F8F2
:100BB000580000BF2046FFF721FF06468EBBE06DC0
:100BC00020F4885040F00200E065206881681B4AEC
:100BD000114005F0804242F000421143816000BFA5
:100BE00013E00098401C00901549009888420CD3EF
:100BF000E06D20F0020040F01000E06500BF002032
:100C000084F8580000BF0120CFE720688168C90F31
:100C10000029E6D1E06D20F0020040F00100E0651F
:100C200004E0FFE7E06D40F01000E06500BF002049
:100C300084F8580000BF3046B7E70000C0FFFF3F10
:100C400002DE0400704700002DE9FC5F05460C46FB
:100C50000020019000900027686900B100BFFE49A4
:100C6000E068884200D000E000BF00BF95F858005F
:100C7000012802D10220BDE8FC9F012085F8580020
:100C800000BF686910B1206A01281ED16068092878
:100C90004ED1A06A60B194F8280000F07C00216871
:100CA000C1F3846140EA4120E16A40EA010703E0C0
:100CB0002068C0F3846047022868C06CE749084098
:100CC00038432968C8646F6632E0A86E90B9216A1B
:100CD000A96600206866A06A50B1206A401E94F898
:100CE000281001F07C010843E16A40EA010701E0B5
:100CF000206A471E207900F01F01002088408743AA
:100D00002068C0F38460217901F01F018840074307
:100D1000A86E401EA866686E38436866A86E38B92B
:100D20002868C06CCD490840696E08432968C864CA
:100D3000286804F0E9FFD8B994F8250070B994F850
:100D40002600400594F8241040EA01502968C9683B
:100D500021F4401108432968C86009E02868C06888
:100D600020F4401094F8261040EA41502968C860E9
:100D7000286804F0F2FF8246286804F0C5FF814627
:100D8000BAF1000F7ED1B9F1000FFBD1A06A08B112
:100D9000E06A88B994F82500012806D12868C0685F
:100DA00040F000702968C86017E02868C06820F02B
:100DB00000702968C86010E094F82500012806D169
:100DC000E86D40F02000E8650120019005E028680A
:100DD000C06820F000702968C86094F830000128CD
:100DE0000CD1606B40F00200A16B084329680969CF
:100DF00021F4FF7108432968086105E0286800694B
:100E000020F0020029680861A068B0F1004F0AD103
:100E100021680022286804F0C2FF4FF000412868D2
:100E200004F0F9FF08E0A2682168286804F0B7FF21
:100E30000021286804F0EFFF60692968C968C1F3E0
:100E4000C101490000FA01F82069042840D028684F
:100E50002268216900F1600C0CEB8103D3F800C01B
:100E6000DFF8FCB10CEA0B0C02F0F84B4BF0004B36
:100E70004BEA080B4CEA0B0CC3F800C000BF286813
:100E8000A26900E0CCE0216900F1600C0CEB810369
:100E9000D3F800C02CF0807C4CEA020CC3F800C0F0
:100EA00000BF2868227F2169012A01D1520600E093
:100EB0000022134600F1600C0CEB8102D2F800C056
:100EC0002CF0007C4CEA030CC2F800C000BFA7E085
:100ED0000021286804F005FFC0F3120030B900219A
:100EE000286804F0FEFEC0F3846007E00021286853
:100EF00004F0F7FE90FAA0F0B0FA80F02168C1F398
:100F0000120119B92168C1F3846104E0216891FAE2
:100F1000A1F1B1FA81F1884204D10022114628687A
:100F200004F068FF0121286804F0DBFEC0F3120022
:100F300030B90121286804F0D4FEC0F3846007E0D2
:100F40000121286804F0CDFE90FAA0F0B0FA80F0FC
:100F50002168C1F3120119B92168C1F3846104E069
:100F6000216891FAA1F1B1FA81F1884204D10022FD
:100F70000121286804F03EFF0221286804F0B1FE38
:100F8000C0F3120030B90221286804F0AAFEC0F3B1
:100F9000846007E00221286804F0A3FE90FAA0F024
:100FA000B0FA80F02168C1F3120119B92168C1F3C8
:100FB000846104E0216891FAA1F1B1FA81F18842DB
:100FC00004D100220221286804F014FF03212868BC
:100FD00004F087FEC0F3120030B90321286804F042
:100FE00080FEC0F3846007E00321286804F079FEE6
:100FF00090FAA0F0B0FA80F02168C1F3120119B99B
:101000002168C1F3846104E0216891FAA1F1B1FA89
:1010100081F1884204D100220321286804F0EAFE0D
:10102000286804F08BFE002873D12868E2682168E4
:10103000D0F8B030C1F3120C23EA0C0302F0180B05
:10104000DFF820C02CFA0BFC0CEA010C43EA0C037D
:10105000C0F8B03000BF07E000007F40004010043F
:1010600000F0FF03FFFF07009249E068884250D17B
:101070002368C3F312031BB92368C3F3846304E03A
:10108000236893FAA3F3B3FA83F35B1C03F01F0303
:10109000092B3FD82368C3F312031BB92368C3F39A
:1010A000846304E0236893FAA3F3B3FA83F35B1C2D
:1010B00003F01F034FF0010C0CFA03FC2368C3F389
:1010C00012031BB92368C3F3846304E0236893FA13
:1010D000A3F3B3FA83F35B1C03F01F034CEA836CA6
:1010E0002368C3F312031BB92368C3F3846304E0CA
:1010F000236893FAA3F3B3FA83F35B1C03F01F0393
:1011000003EB43034FF0000B4BEA03534CEA03039A
:101110003FE043E02368C3F312031BB92368C3F322
:10112000846304E0236893FAA3F3B3FA83F35B1CAC
:1011300003F01F034FF0010C0CFA03FC2368C3F308
:1011400012031BB92368C3F3846304E0236893FA92
:10115000A3F3B3FA83F35B1C03F01F034CEA836C25
:101160002368C3F312031BB92368C3F3846304E049
:10117000236893FAA3F3B3FA83F35B1C03F01F0312
:101180000A3B03EB43034FF0007B4BEA03534CEA6B
:1011900003031946A268286804F001FE4649206846
:1011A000084000287FD02968B1F1A04F03D0434AFE
:1011B0002968914201D1424900E0424908468168CC
:1011C00001F0E07600BF40492068884203D03F49E3
:1011D000206888422CD106F4000048BB2868B0F192
:1011E000A04F03D03A49286888425CD12A68B2F1FE
:1011F000A04F03D0314B2A689A4201D1304A00E017
:10120000304A104646F4000104F0E3FD314800681E
:101210003149B0FBF1F0801C00EB400080000090F1
:1012200002E00098401E009000980028F9D13AE0B2
:101230002A49206888421BD106F08070C0B91F4936
:10124000286888422FD02649286888422BD02A68EF
:10125000B2F1A04F03D0194B2A689A4201D1184A23
:1012600000E0184A104646F0807104F0B2FD1AE022
:101270001C492068884216D106F4800098B90F49AD
:10128000286888420FD02A68B2F1A04F03D00B46DD
:101290002A689A4201D10A4A00E00A4A104646F4F6
:1012A000800104F096FD00BF002085F8580000BFC3
:1012B0000198E0E400007F40000008800001005039
:1012C0000003005000070050000021C31000C09030
:1012D0000006005010000020400D0300000052C71F
:1012E00000050050000084CB10B52DED088B84B0B4
:1012F00004462068B0F1A04F7ED10921DD4800F0FE
:10130000F3F900EE100AB8EE400ADFEDDB0A80EEDA
:10131000201AB6EE000A31EE400ADFEDD80A20EEC0
:10132000200AB0EE409A40F20F11D24800F0DCF9EA
:1013300000EE100AB8EE400ADFEDCF0A80EE201A68
:10134000B6EE000A31EE400ADFEDCC0A20EE200AAC
:10135000F0EE409ADFEDCA0A89EE200ADFEDC90AF5
:1013600080EE201AB0EE41AADFEDC50A89EEA00A90
:10137000DFEDC40A80EE201AF0EE41AAC24880EDEB
:1013800000AAC248C0ED00AA9FEDC10A8DED030A74
:101390009FEDBF0A8DED020ABB4890ED000ABB48E5
:1013A000D0ED000A8DED030A9FEDBA1A20EE011A66
:1013B000DFEDB91A01EEA01A8DED021A00BF9FED04
:1013C000B40A8DED010A9FEDB20A8DED000AB34813
:1013D000D0ED000AB24890ED001A70EEC10AB0EEEE
:1013E000600A09F0E9FEF1EE0C0A20EE200AF0EEA8
:1013F00040BA09F0E1FE00E058E0B0EE40BAFFF775
:10140000A9FAB0EE408AA548D0ED000AA44890EDB4
:10141000001A70EEC10AB0EE600A09F0CDFEF1EEDE
:101420000C0A20EE200AF0EE40BA09F0C5FEB0EE3C
:1014300040BAFFF727FAF0EE408A9DED030ADDED92
:10144000020AB0EE481AF0EE681A20EE212A00EEE9
:10145000812A8DED012AB1EE402A22EE012A00EE0A
:10146000A12A8DED002A00BF8E4890ED001A8E480B
:10147000D0ED000A9DED010A08F008FB8A4880EDD6
:10148000000A8A4890ED001A8948D0ED000A9DEDC7
:10149000000A08F0FBFA864880ED000A8548D0ED86
:1014A000000A9FED7B0A08F095FB00BF8249206887
:1014B00088427DD140F20F11804800F015F9804933
:1014C000086009217D4800F00FF900EE100AF8EEDF
:1014D000400A9FED691A80EE810AF6EE000A30EEAE
:1014E000600ADFED660A20EE200AB0EE409A7448EA
:1014F00090ED000AB8EE400A9FED5F1AC0EE010AB7
:10150000B6EE000A30EEC00ADFED5C0A20EE200ADB
:10151000F0EE409ADFED5A0A89EE200ADFED590A13
:1015200080EE201AB0EE41AADFED550A89EEA00A3E
:10153000DFED540A80EE201AF0EE41AA614880EDFA
:1015400000AA6148C0ED00AA9FED510A8DED030A83
:101550009FED4F0A8DED020A5A4890ED000A5A4855
:10156000D0ED000A8DED030A9FED4A1A20EE011A14
:10157000DFED491A01EEA01A8DED021A00BF9FEDB2
:10158000440A8DED010A9FED420A8DED000A4F4895
:10159000D0ED000A4E4890ED001A70EEC10AB0EE90
:1015A000600A09F009FEF1EE0C0A20EE200A00E0C4
:1015B0005CE0F0EE40BA09F0FFFDB0EE40BAFFF794
:1015C000C9F9B0EE408A4148D0ED000A404890ED9C
:1015D000001A70EEC10AB0EE600A09F0EDFDF1EEFE
:1015E0000C0A20EE200AF0EE40BA09F0E5FDB0EE5C
:1015F00040BAFFF747F9F0EE408A9DED030ADDEDB2
:10160000020AB0EE481AF0EE681A20EE212A00EE27
:10161000812A8DED012AB1EE402A22EE012A00EE48
:10162000A12A8DED002A00BF2A4890ED001A2A4811
:10163000D0ED000A9DED010A08F028FA264880ED59
:10164000000A264890ED001A2548D0ED000A9DEDCD
:10165000000A08F01BFA224880ED000A2148D0ED6C
:10166000000A9FED0B0A08F081FC00BF04B0BDEC3E
:10167000088B10BDD400002000F07F453333534069
:101680000AD7A33C0000484260000020640000200C
:10169000000000003ACD133F3ACD933F7800002080
:1016A0007C000020B000002068000020B400002072
:1016B0006C000020A000002000010050400100202C
:1016C000A800002080000020840000209800002056
:1016D0009C000020B800002088000020BC000020F2
:1016E0008C000020A40000200246092915D0A1F298
:1016F0000F136BB1B3F5837F06D0B3F5037F0BD126
:101700001368D3F88C000CE01368D3F8880008E065
:101710001368D3F8840004E000BF1368D3F8800096
:1017200000BF00BF704770472DE9F04104462168B3
:10173000B1F1A04F03D05B4A2168914201D15A49CF
:1017400000E05A49084604F0BEFA0546206804F055
:10175000DBFA10B10220BDE8F0812068C06800F01B
:1017600000472068C06C00F4C07030B92FB9E06D3C
:1017700040F02000E0650120EDE700BF94F858003C
:10178000012801D10220E6E7012084F8580000BFBB
:101790002046FFF77DF90646002E7CD1E06D00F46F
:1017A000807020B1206E20F00800206601E000204B
:1017B0002066E06D42F20101884340F48050E0650C
:1017C00038492068884202D14FF0A04006E03849ED
:1017D0002068884201D1374800E0206821688842AB
:1017E00000D01DB9E06D20F48010E0656020216814
:1017F000086000BF002084F8580000BF2068C0685F
:1018000000F4001028B12068406840F4806021682E
:101810004860A06908280CD12068406820F02000AA
:10182000216848602068406840F0400021684860B6
:101830000CE02068406820F0400021684860206883
:10184000406840F020002168486000BF00BF154993
:101850002068884202D14FF0A04006E01449206879
:10186000884201D1134800E020682168884204D0F2
:101870001DB1062D01D0072D08D1206804F03AFAD9
:1018800070B9206804F046FA0AE004E0E06D40F424
:101890008010E06504E000BF002084F8580000BF1D
:1018A000304658E700010050000300500007005088
:1018B0000005005000040050704770472DE9F043C8
:1018C0009BB004460E464FF00008306800B100BFE0
:1018D00000BF94F85800012803D102201BB0BDE8D6
:1018E000F083012084F8580000BF00201790189062
:1018F0002068B0F1A04F02D15848009008E0584944
:101900002068884202D15748009001E000200090F2
:10191000009850B9E06D40F02000E06500BF002065
:1019200084F8580000BF0120D8E7009804F015FAA9
:101930000746206804F011FA00287DD1002F7FD1DE
:101940002068B0F1A04F03D044492068884201D1FB
:10195000454800E0454805463068D8B394F838005B
:10196000716841EA4030A96821F460410843A860E9
:101970002068B0F1A04F03D038492068884201D1D7
:10198000394800E03948384988420AD14FF0A04030
:1019900004F0D4F98146314804F0D0F949EA000056
:1019A0000DE02F4804F0CAF981462E4804F0C6F92C
:1019B00049EA00092E4804F0C1F949EA0000E0BBF9
:1019C000B16830680843A96840F61F729143084324
:1019D000A8603BE0FFE7A86820F46040A8602068AA
:1019E000B0F1A04F03D01D492068884201D11E48A4
:1019F00000E01E481C4988420AD14FF0A04004F084
:101A00009DF98146154804F099F949EA00000DE076
:101A1000134804F093F98146124804F08FF949EA1B
:101A20000009134804F08AF949EA000028B9A868B7
:101A300040F61F71884301E002E007E0A86005E07E
:101A4000E06D40F02000E0654FF0010800BF00208D
:101A500084F8580000BF404640E7000000010050F5
:101A60000004005000050050000300500007005023
:101A7000000600502DE9F84F05460C464FF0000ACD
:101A800000200090FE49E068884200D000E000BFDE
:101A900000BF95F85800012802D10220BDE8F88F58
:101AA000012085F8580000BF286804F051F900288B
:101AB0007DD12968D4E9002001F1300CC0F3012B5D
:101AC0000CEB8B03D3F800C000F01F0E4FF01F0B80
:101AD0000BFA0EFB2CEA0B0C00F01F0BC2F3846E0A
:101AE0000EFA0BFE4CEA0E0CC3F800C000BF2868CB
:101AF00004F02EF98146286804F001F98046B9F116
:101B0000000F64D1B8F1000FFBD1A068B0F1004F15
:101B10000AD121680022286804F02DF94FF0004115
:101B2000286804F072F908E0A2682168286804F0C7
:101B300022F90021286804F068F960692968C968F9
:101B4000C1F3C101490000FA01F7206904283FD020
:101B500028682268216900F1600C0CEB8103D3F83E
:101B600000C0DFF820B30CEA0B0C02F0F84B4BF08E
:101B7000004B4BEA070B4CEA0B0CC3F800C000BF4C
:101B80002868A269216900F1600C0CEB8103D3F88D
:101B900000C02CF0807C4CEA020CC3F800C000BFEF
:101BA0002868227F2169012A02D1520601E0F6E16C
:101BB0000022134600F1600C0CEB8102D2F800C049
:101BC0002CF0007C4CEA030CC2F800C000BFA7E078
:101BD0000021286804F07CF8C0F3120030B900211D
:101BE000286804F075F8C0F3846007E000212868D5
:101BF00004F06EF890FAA0F0B0FA80F02168C1F31A
:101C0000120119B92168C1F3846104E0216891FAD5
:101C1000A1F1B1FA81F1884204D10022114628686D
:101C200004F0DDF80121286804F052F8C0F3120036
:101C300030B90121286804F04BF8C0F3846007E054
:101C40000121286804F044F890FAA0F0B0FA80F07E
:101C50002168C1F3120119B92168C1F3846104E05C
:101C6000216891FAA1F1B1FA81F1884204D10022F0
:101C70000121286804F0B3F80221286804F028F84C
:101C8000C0F3120030B90221286804F021F8C0F333
:101C9000846007E00221286804F01AF890FAA0F0A6
:101CA000B0FA80F02168C1F3120119B92168C1F3BB
:101CB000846104E0216891FAA1F1B1FA81F18842CE
:101CC00004D100220221286804F089F80321286841
:101CD00003F0FEFFC0F3120030B90321286803F0BF
:101CE000F7FFC0F3846007E00321286803F0F0FFEA
:101CF00090FAA0F0B0FA80F02168C1F3120119B98E
:101D00002168C1F3846104E0216891FAA1F1B1FA7C
:101D100081F1884204D100220321286804F05FF891
:101D2000286804F006F8002870D12868E268216865
:101D3000D0F8B0C0C1F312032CEA030C02F0180B68
:101D4000514B23FA0BF30B404CEA030CC0F8B0C024
:101D500000BF4B49E068884258D12368C3F312039F
:101D60001BB92368C3F3846304E0236893FAA3F3E5
:101D7000B3FA83F35B1C03F01F03092B3ED82368DF
:101D8000C3F312031BB92368C3F3846304E023681D
:101D900093FAA3F3B3FA83F35B1C03F01F034FF032
:101DA000010C0CFA03FC2368C3F312031BB923686C
:101DB000C3F3846304E0236893FAA3F3B3FA83F3D1
:101DC0005B1C03F01F034CEA836C2368C3F312030C
:101DD0001BB92368C3F3846304E0236893FAA3F375
:101DE000B3FA83F35B1C03F01F0303EB43034FF0D1
:101DF000000B4BEA03534CEA03033FE02368C3F3B1
:101E0000120323B92368C3F3846305E042E0236827
:101E100093FAA3F3B3FA83F35B1C03F01F034FF0B1
:101E2000010C0CFA03FC2368C3F312031BB92368EB
:101E3000C3F3846304E0236893FAA3F3B3FA83F350
:101E40005B1C03F01F034CEA836C2368C3F312038B
:101E50001BB92368C3F3846304E0236893FAA3F3F4
:101E6000B3FA83F35B1C03F01F030A3B03EB43034A
:101E70004FF0007B4BEA03534CEA0303194605E09D
:101E800000007F4000F0FF03FFFF0700A268286802
:101E900003F071FF484920680840002842D02968B3
:101EA000B1F1A04F03D0454A2968914201D144497C
:101EB00000E04449084603F0F7FE06464249206820
:101EC000884203D04149206888422CD106F40000A2
:101ED00048BB2868B0F1A04F03D03D49286888422C
:101EE00063D12A68B2F1A04F03D0344B2A689A42DA
:101EF00001D1334A00E0334A104646F4000103F0B2
:101F000062FF344800683449B0FBF1F0401C00EB3C
:101F100040008000009002E00098401E0090009871
:101F20000028F9D141E02D49206888421BD106F0F4
:101F30008070C0B921492868884236D0284928686D
:101F4000884232D02A68B2F1A04F03D01B4B2A68D6
:101F50009A4201D11A4A00E01A4A104646F08071AE
:101F600003F031FF21E01F49206888421DD106F4AB
:101F70008000D0B911492868884216D02A68B2F189
:101F8000A04F03D00B462A689A4201D10C4A00E0C8
:101F90000C4A104646F4800103F015FF05E0E86D99
:101FA00040F02000E8654FF0010A00BF002085F8EE
:101FB000580000BF504671E5000008800001005045
:101FC0000003005000070050000021C31000C09023
:101FD0000006005010000020400D0300000052C712
:101FE00000050050000084CB704770472DE9F84F82
:101FF0000446002000902068056820684668216833
:10200000B1F1A04F03D0DA4A2168914201D1D949F8
:1020100000E0D949084603F051FE074605F00200EA
:10202000022811D106F0020002280DD1E06D00F067
:10203000100018B9E06D40F40060E0652046FEF73E
:1020400001FE02202168086005F00400042803D185
:1020500006F00400042807D005F0080008286BD11A
:1020600006F00800082867D1E06D00F0100018B9EC
:10207000E06D40F40070E065206803F073FE002816
:1020800054D0BB492068884202D14FF0A04006E0FE
:10209000BA492068884201D1B94800E02068216827
:1020A000884204D01FB1052F01D0092F03D1206829
:1020B000D0F80C8010E0AE492068884202D14FF081
:1020C000A04006E0AD492068884201D1AC4800E05C
:1020D00020688346DBF80C8008F40050B0F5005F00
:1020E00024D02068006800F0080008281ED120686D
:1020F00003F02EFE90B92068406820F00C002168A3
:102100004860E06D20F48070E065E06D00F4805080
:1021100018B9E06D40F00100E06507E0E06D40F0C7
:102120001000E065206E40F0010020662046FFF7B9
:102130005BFF0C202168086005F02000202803D1F7
:1021400006F02000202807D005F0400040287FD16D
:1021500006F0400040287BD1E06D00F0100018B977
:10216000E06D40F40050E0652068C16C01F4C0717E
:1021700009B9012100E000218A4600BF206803F070
:10218000F1FD81467A492068884202D14FF0A04093
:1021900006E07A492068884201D1794800E0206849
:1021A0002168884204D01FB1062F01D0072F03D128
:1021B0002068D0F80C8010E06D492068884202D178
:1021C0004FF0A04006E06D492068884201D16C487C
:1021D00000E020688346DBF80C80BAF1000F31D0B4
:1021E00008F0007028B1B9F1000F2BD008F40050AE
:1021F00040BB2068006800F04000402822D108F46D
:102200000010F8B9206803F07AFD98B9206840689A
:1022100020F0600021684860E06D20F48050E065A7
:10222000E06D00F4807068B9E06D40F00100E06599
:1022300008E00DE0E06D40F01000E065206E40F039
:10224000010020662046FFF74FF8602021680860F3
:1022500005F0800080280DD106F08000802809D18B
:10226000E06D40F48030E065204600F0E7F9802022
:102270002168086005F48070B0F5807F0FD106F406
:102280008070B0F5807F0AD1E06D40F40030E065E9
:102290002046FFF711FB4FF480702168086005F4B9
:1022A0000070B0F5007F0FD106F40070B0F5007F2C
:1022B0000AD1E06D40F48020E0652046FFF7FDFA8A
:1022C0004FF400702168086005F01000102833D129
:1022D00006F0100010282FD1E06B10B901200090FB
:1022E00019E08FB12168B1F1A04F03D0204A2168D5
:1022F000914201D11F4900E01F49084603F0D9FC73
:1023000048B10120009006E02068C06800F001009C
:1023100008B101200090009801280AD1E06D40F436
:102320008060E065206E40F0020020662046FFF7E6
:102330005CFE10202168086005F48060B0F5806FB5
:1023400013D106F48060B0F5806F0ED1E06D40F4DB
:102350008040E065206E40F0080020664FF4806009
:10236000216808602046FFF7DEF9BDE8F88F00001D
:10237000000100500003005000070050000500500D
:10238000000400502DE9F84304464FF000080020F7
:10239000009014B90120BDE8F883606920B194F879
:1023A0002400012800D100BFE06D30B9204600F0C4
:1023B00047F90020206684F8580020688168C1F33E
:1023C000407131B120688168914A1140816000BF3D
:1023D00000BF206803F0B7FCB0B9206881688D4A5F
:1023E000114041F08051816000BF8B4800688B49EB
:1023F000B0FBF1F0401C4000009002E00098401E4D
:10240000009000980028F9D1206803F09CFC48B99E
:10241000E06D40F01000E065206E40F001002066A5
:102420004FF00108206803F093FC0646E06D00F0D1
:10243000100000287ED1002EFCD1E06D20F48070C9
:1024400040F00200E065206803F073FC88BB206860
:10245000B0F1A04F03D072492068884201D1714881
:1024600000E071486F4988420AD14FF0A04003F064
:1024700060FC81466A4803F05CFC49EA00000DE01C
:102480006A4803F056FC8146694803F052FC49EA69
:102490000009684803F04DFC49EA000048B9226889
:1024A000B2F1A04F03D05E4B22689A4202D15D4A3E
:1024B00001E009E05C4A10466168826822F47C12FF
:1024C0000A43826000BF00BF607FE16B41EA403099
:1024D000E1680843A168084394F8241040EA0145E4
:1024E00094F82400012803D1208D401E45EA404580
:1024F000E06A28B1A08D00F47870216B0843054391
:102500002068C0684C49084028432168C86020689A
:10251000006920F04060616B084321680861206811
:1025200003F0EDFB0746EEBBE7BB207F002141EA4D
:10253000803100E064E094F8380041EA400520680A
:10254000C06844F20201884328432168C8602069BA
:1025500080B12068006940F48030216808612068FB
:10256000D0F8C0006FF30D00216908432168C1F85D
:10257000C0000DE02068006920F480302168086107
:102580002068D0F8C0006FF30D002168C1F8C000CA
:1025900094F84000012813D1606C40F00101A06C58
:1025A000084300E012E0E16C0843216D0843216814
:1025B000096940F2FC72914308432168086105E013
:1025C0002068006920F00100216808616069012825
:1025D00009D12068006B20F00F00216A491E0843D2
:1025E0002168086305E02068006B20F00F00216877
:1025F0000863E06D20F0020040F00100E06505E0B6
:10260000E06D40F01000E0654FF001084046C2E682
:10261000C0FFFF5FC0FFFF7F10000020400D0300E0
:10262000000100500003005000070050000400505B
:1026300000050050000600500740F0FF7047000002
:1026400010B59CB00446142117A8FDF72DFE5421A7
:1026500002A8FDF729FE2068B0F1A04F42D14FF447
:10266000004002908003139002A801F07BF808B1AB
:10267000FEF78CFA4B480068401C4A49086008463F
:10268000006801280DD100BF4748C06C40F40050DD
:102690004549C8640846C06C00F40050019000BF72
:1026A00000BF00BF4048C06C40F001003E49C86414
:1026B0000846C06C00F00100019000BF00BF03207D
:1026C000179018900020199017A94FF0904000F033
:1026D000B9FA00221146122000F05CFF122000F02F
:1026E00045FF5CE031492068884258D1C001029022
:1026F0008003139002A801F035F808B1FEF746FAFE
:1027000028480068401C27490860084600680128DE
:102710000DD100BF2448C06C40F400502249C86469
:102720000846C06C00F40050019000BF00BF00BF1D
:102730001D48C06C40F001001B49C8640846C06CCD
:1027400000F00100019000BF00BF00BF0846C06C50
:1027500040F00200C8640846C06C00F0020001901E
:1027600000BF00BF20201790032018900020199070
:1027700017A94FF0904000F065FA0420179003204D
:1027800018900020199017A9094800F05BFA002260
:102790001146122000F0FEFE122000F0E7FE1CB0F1
:1027A00010BD000000000020001002400001005099
:1027B0000004004870B5044600F040FB064625467C
:1027C000681C10B104480068054400BF00F036FBE7
:1027D000801BA842FAD370BD0C00002010B52DED6F
:1027E000068B0446B4F5006F7ED1F04BF04AF149F8
:1027F000032005F0FFFDEE48B0F9000000EE100ADE
:10280000B8EEC00ADFEDEC0A80EE201AEB4880ED4E
:10281000001AE748B0F9020000EE100AB8EEC00A4C
:10282000DFEDE50A80EE201AE54880ED001AE04869
:10283000B0F9040000EE100AB8EEC00ADFEDDE0ABF
:1028400080EE201ADF4880ED001ADF48B0F9000062
:1028500001EE100AB8EEC11AF0EE410AD548B0F9FF
:10286000000001EE100AB8EEC11AB0EE410AD748D6
:1028700090ED001A07F00AF9BDEEC00A10EE100A3A
:1028800000B2CC490880D048B0F9020001EE100A2D
:10289000B8EEC11AF0EE410A0846B0F9020001EEA6
:1028A000100AB8EEC11AB0EE410AC84890ED001AFD
:1028B00007F0ECF8BDEEC00A10EE100A00B2BD49F8
:1028C0004880C148B0F9040001EE100AB8EEC11A00
:1028D000F0EE410A0846B0F9040001EE100AB8EE25
:1028E000C11AB0EE410A00E05EE1B84890ED001A6E
:1028F00007F0CCF8BDEEC00A10EE100A00B2AD49E8
:102900008880AB48B0F9000000EE100AB8EEC00AAB
:10291000DFEDA90A80EE201AF0EE419AAC4890ED66
:10292000001AF0EE690AA54890ED000A07F0AEF82B
:10293000A24880ED000A9E48B0F9020000EE100A9D
:10294000B8EEC00ADFED9C0A80EE201AF0EE419A44
:102950009F4890ED001AF0EE690A994890ED000A40
:1029600007F094F8964880ED000A9148B0F9040009
:1029700000EE100AB8EEC00ADFED8F0A80EE201AD2
:10298000F0EE419A924890ED001AF0EE690A8D48F7
:1029900090ED000A07F07AF88A4880ED000A854831
:1029A0000088894908808348408848808148808819
:1029B00088800846B0F9040001EE100AB8EEC11A8A
:1029C000F0EE410A0846B0F9000001EE100AB8EE38
:1029D000C11AB0EE410A05F091F9DFED7E0A20EE52
:1029E000200A7D4880ED000A7C48007858B100201C
:1029F0007A490870784890ED000A794880ED000A1D
:102A0000BDEC068B10BD764890ED000A6C48D0ED09
:102A1000000A9FED741A00EE810A714880ED000AE9
:102A200090ED000ADFED700A20EE200A6A48D0ED32
:102A3000000A9FED6E1A01EE200A694880ED000A37
:102A40005F4890ED000AB1EE401ADFED690A644874
:102A500090ED000A674807F03EFDB0EE408A6648F8
:102A60000078401CC0B26449087000EE100AB8EE4D
:102A7000400AF2EE040AB4EEE00AF1EE10FA40DB8E
:102A8000002008705D4890ED000AF7EE000A20EE85
:102A9000200A5B48D0ED000ABFEE001A00EE810A62
:102AA000F0EE000A80EE201AF0EE419A5548D0ED83
:102AB000000AB0EE690A544807F024FD534880ED3F
:102AC000000A4E4890ED000AF7EE000A20EE200AB8
:102AD0004B48D0ED000ABFEE001A00EEC10AF0EE3E
:102AE000000A80EE201AB0EE41AA4948D0ED000A53
:102AF000B0EE4A0A474807F03FFD474880ED000A1C
:102B000000BF424890ED000A38EE400A4248D0ED3E
:102B1000000A70EE208A3D4890ED000A38EE400A27
:102B20003D48D0ED000A30EE609A2D4890ED000A45
:102B3000DFED3A0AB4EEE00AF1EE10FA08DC90EDAF
:102B4000000ADFED370AB4EEE00AF1EE10FA1AD20D
:102B50009FED341ADFED330A9FED320A254807F066
:102B6000C9FC9FED301ADFED2F0A9FED2E0A264893
:102B700007F0C0FC9FED2B0A08F070F89FED290AC2
:102B800008F072F80FE0F7EE000A68EEA00AB0EE67
:102B9000600A08F063F8FFEE000A69EE200AB0EE62
:102BA000600A08F061F800BF00BF29E79408002020
:102BB000F0080020E4080020333303432C000020F9
:102BC0003000002034000020CC0800204C00002001
:102BD00050000020E62E65423800002054000020FE
:102BE0003C0000200AD7A33B6666663FCDCCCC3DB7
:102BF000CDCC4C408C0900205500002070000020F6
:102C0000900000204000002098090020580000207B
:102C100044000020A40900205C0000200000344291
:102C2000000034C20000000010B5044604480068EB
:102C3000204020B1024804602046FFF7CFFD10BDC0
:102C40001404014078B503460022D2E001269640E4
:102C50000D6805EA0604002C7BD00D7905F003050C
:102C6000012D04D00D7905F00305022D13D19868CC
:102C700056000325B540A8435600CD68B54028430B
:102C80009860586801259540A8430D79C5F3001553
:102C90009540284358600D7905F00305032D07D1B1
:102CA0000D7905F00305032D0CD18D68012D09D098
:102CB000D86856000325B540A84356008D68B54036
:102CC0002843D8600D7905F00305022D13D1D608ED
:102CD00003F1200555F826005507EE0E0F25B540E7
:102CE000A8435607F60E0D69B5402843D60803F1F0
:102CF000200545F82600186856000325B540A8436E
:102D00000D7905F003055600B540284318604D685D
:102D100005F44035002D6BD000BF394D2D6E45F0C8
:102D20000105374E356635462D6E05F001050095D7
:102D300000BF00BF4FEAB635960855F82600950744
:102D40002E0F0F25B540A843B3F1904F02D10025B7
:102D50001AE04DE02B4DAB4201D1012514E02A4D84
:102D6000AB4201D102250FE0284DAB4201D1032532
:102D70000AE0274DAB4201D1042505E0254DAB42C9
:102D800001D1052500E006259607360FB5402843FA
:102D9000214D960845F82600204D2868A0434D682F
:102DA00005F4801505B120431C4D28602D1D2868B1
:102DB000A0434D6805F4001505B12043174D2D1DA6
:102DC0002860164D2D1F2868A0434D6805F4003576
:102DD00005B12043114D2D1F28602D1F2868A043E9
:102DE0004D6805F4803505B120430C4D083D286041
:102DF000521C0D68D540002D7FF428AF78BD00002F
:102E0000001002400004004800080048000C004880
:102E10000010004800140048080001400804014068
:102E2000024613690B400BB1012000E000207047FF
:102E30000AB1816100E081627047000001480068CA
:102E40007047000004000020024692F8410020284C
:102E50002DD100BF92F84000012801D10220704717
:102E6000012082F8400000BF242082F84100106851
:102E7000006820F00100136818601068006820F4F2
:102E80008050136818601068006808431368186061
:102E90001068006840F0010013681860202082F874
:102EA000410000BF002082F8400000BFD7E70220A9
:102EB000D5E710B502460B4692F8410020282AD1EA
:102EC00000BF92F84000012801D1022010BD01206E
:102ED00082F8400000BF242082F84100106800689A
:102EE00020F00100146820601068016821F470610E
:102EF00041EA0321106801601068006840F0010099
:102F000014682060202082F8410000BF002082F871
:102F1000400000BFDAE70220D8E7000008B500BF94
:102F20000949096E41F00101074A11661146096E0F
:102F300001F00101009100BF00BF0449496801434D
:102F4000024A516008BD000000100240000001402C
:102F500010B504460CB9012010BD94F8410028B901
:102F6000002084F84000204600F0DCF9242084F89A
:102F700041002068006820F0010021680860606856
:102F800020F07060216808612068806820F40040AB
:102F900021688860E068012805D1A06840F40040FD
:102FA0002168886004E0A06840F4044021688860DB
:102FB000E068022806D12068406840F4006021687B
:102FC000486005E02068406820F40060216848609F
:102FD0002068406813490843216848602068C06839
:102FE00020F400402168C860D4E904010843A169C5
:102FF00040EA01202168C860D4E90701084321683C
:1030000008602068006840F0010021680860002026
:103010006064202084F841000020206384F842008E
:1030200000BF99E7008000022DE9FC4704460F46E7
:1030300090461E460020019094F84100202870D14F
:1030400020688069C0F3C03010B10220BDE8FC8761
:1030500000BF94F84000012801D10220F6E70120CA
:1030600084F8400000BF242084F841000020606400
:1030700000BFE068012806D1C7F3090040F4005002
:1030800040F0007005E0C7F3090040F4205040F024
:10309000007021684860FFF7D1FE0546206880690E
:1030A000C0F3401920688069C0F3001A1DE0701C4D
:1030B00098B1FFF7C3FE401BB04200D86EB9202084
:1030C00084F84100606C40F02000606400BF002084
:1030D00084F8400000BF0120B8E720688069C0F391
:1030E000401920688069C0F3001AB9F1000F02D1BD
:1030F000BAF1000FDBD020688069C0F30010E0B99E
:103100003346002220212046009502F021FD48B1DF
:10311000606C04281FD120202168C86100206064F1
:1031200019E02CE020202168C86184F8410000BF2C
:10313000002084F8400000BF88E710202168C861A3
:103140003346002220212046009502F001FD10B9EF
:1031500020202168C8610198401C019001984045D9
:1031600087D3202084F84100606C40F02000606428
:1031700000BF002084F8400000BF012066E7022065
:1031800064E700002DE9FC5F0446894692469B46B1
:10319000DDE90C780E9E94F8410020287ED117B10D
:1031A000B8F1000F05D14FF4007060640120BDE854
:1031B000FC9F00BF94F84000012801D10220F6E7EF
:1031C000012084F8400000BFFFF738FE05461923B0
:1031D0000122D1032046009502F0BAFC08B101207B
:1031E000E5E7222084F84100402084F842000020D6
:1031F00060646762A4F82A8060635B465246494671
:103200002046CDE9006502F049FC30B100BF002046
:1032100084F8400000BF0120C9E7608DFF280CD969
:10322000FF2020853D48009094F828204FF08073BF
:103230004946204602F070FC0BE0608D208537483F
:10324000009094F828204FF000734946204602F081
:1032500063FC00BF3346002204212046009502F0A3
:1032600077FC08B10120A2E72068406A616A087013
:10327000606A401C6062208D401E2085608D401E6B
:103280006085608D48B3208D38BB33460022802195
:103290002046009502F05CFC18B100E03CE0012003
:1032A00085E7608DFF280CD9FF2020850020009045
:1032B00094F828204FF080734946204602F02CFCF9
:1032C0000BE0608D20850020009094F828204FF0BE
:1032D00000734946204602F01FFC608D0028B9D1DA
:1032E0002A463146204602F074FC08B101205EE710
:1032F00020202168C8612068406809490840216889
:103300004860202084F84100002084F8420000BF7B
:1033100084F8400000BF4AE7022048E7002400800C
:1033200000E800FE10B59CB00446142117A8FCF775
:10333000BBFF542102A8FCF7B7FF5349206888421D
:103340004ED1402002900020099002A800F00AFA15
:1033500008B1FDF71BFC00BF4C48C06C40F00100F9
:103360004A49C8640846C06C00F00100019000BFE3
:1033700000BF00BF0846C06C40F00200C8640846A9
:10338000C06C00F00200019000BF00BF4FF400408D
:10339000179012201890002019901A9004201B906A
:1033A00017A94FF09040FFF74DFC80201790122096
:1033B0001890002019901A9004201B9017A93448E7
:1033C000FFF740FC00BF3148806D40F400102F49EA
:1033D00088650846806D00F40010019000BF51E040
:1033E0002C49206888424DD18015029000200B9016
:1033F00002A800F0B7F908B1FDF7C8FB00BF2348E9
:10340000C06C40F001002149C8640846C06C00F05F
:103410000100019000BF00BF00BF0846C06C40F033
:103420000200C8640846C06C00F00200019000BFB2
:1034300000BF8815179012201890002019901A903C
:1034400002201B9017A94FF09040FFF7FBFB2020B4
:10345000179012201890002019901A9008201B90A5
:1034600017A90B48FFF7EEFB00BF0848806D40F03E
:103470008040064988650846806D00F080400190D4
:1034800000BF00BF1CB010BD00540040001002403F
:1034900000040048007800400348006803490968B8
:1034A0000844014908607047040000200C00002017
:1034B00010B50024032000F0ABF80F2000F008F84E
:1034C00008B1012401E000F02FF8204610BD0000F3
:1034D00070B50446002511480068D8B10F4800684F
:1034E0004FF47A71B1FBF0F00D490968B1FBF0F6C9
:1034F000304601F0E7FA58B9102C07D200222146D5
:10350000501E00F047F80748046004E0012502E07F
:10351000012500E00125284670BD00000C000020B8
:10352000100000200800002008B500BF0E48006E03
:1035300040F001000C4908660846006E00F00100EA
:10354000009000BF00BF00BF0846806D40F0805073
:1035500088650846806D00F08050009000BF00BF75
:1035600000F0F6F808BD00000010024001460846D1
:1035700000280DDB00BF00BF00F01F0301229A40AE
:1035800043099B0003F1E023C3F8002100BF00BF03
:1035900000BF70472DE9F05F80460D46164604F0E7
:1035A00091FB074639462A46334601F00700C0F131
:1035B000070ABAF1040F02D94FF0040A01E0C0F182
:1035C000070AD14600F1040ABAF1070F02D24FF000
:1035D000000A01E0A0F1030AD4464FF0010A0AFAFA
:1035E00009FAAAF1010A0AEA020A0AFA0CFA4FF0E9
:1035F000010B0BFA0CFBABF1010B0BEA030B4AEAD4
:103600000B042146404604F065FBBDE8F09F000036
:1036100000BF00F00702064B19684FF6FF03194080
:10362000044B0B4343EA0221014B196000BF704772
:103630000CED00E00000FA0502468ABB4148006834
:1036400000F4C060B0F5806F2BD13E488030006838
:1036500020F480703B4BC3F880001846006820F4CB
:10366000C06040F400701860374800683223584347
:10367000364BB0FBF3F0411C00E0491E3148406975
:1036800000F48060B0F5806F01D10029F5D12D489C
:10369000406900F48060B0F5806F51D1032070471D
:1036A00008E028488030006820F48070254BC3F87B
:1036B000800045E0B2F5007F3AD12248006800F46E
:1036C000C060B0F5806F2AD11E488030006840F499
:1036D00080701C4BC3F880001846006820F4C0605E
:1036E00040F4007018601848006832235843174BA4
:1036F000B0FBF3F0411C00E0491E1248406900F4A1
:103700008060B0F5806F01D10029F5D10D48406986
:1037100000F48060B0F5806F12D10320BFE7094844
:103720008030006840F48070064BC3F8800007E0EA
:103730000448006820F4C06040F48060014B1860C9
:103740000020ACE7007000401000002040420F0055
:103750000348806840F48040014988607047000059
:10376000007000402DE9F84304460027B846206861
:1037700000F40020B0F5002F73D1B946FD48806DEC
:1037800000F0805078B900BFFA48806D40F080505A
:10379000F84988650846806D00F08050009000BFB1
:1037A00000BF4FF00109F448006840F48070F2490E
:1037B0000860FFF743FB064606E0FFF73FFB801B70
:1037C000022801D9032705E0EB48006800F4807067
:1037D0000028F2D000BF002F46D1E64890300068A4
:1037E00000F44075CDB1206DA84216D0E14890306C
:1037F000006820F44075DF48D0F8900040F4803035
:10380000DC49C1F890000846D0F8900020F48030E0
:10381000C1F890000846C0F8905005F00100A0B132
:10382000FFF70CFB064608E0FFF708FB801B41F2A0
:103830008831884201D9032706E0CE4890300068DD
:1038400000F002000028EFD000BF5FB9C9489030F7
:10385000006820F44070216D0843C649C1F890000B
:1038600003E00CE0B84600E0B846B9F1010F05D11D
:10387000C048806D20F08050BE49886500BF207828
:1038800000F0010048B1BB488830006820F0030018
:1038900061680843B749C1F88800207800F0020049
:1038A000022809D1B3488830006820F00C00A168D4
:1038B0000843B049C1F88800207800F004000428CB
:1038C00009D1AC488830006820F03000E168084336
:1038D000A849C1F88800207800F00800082809D11C
:1038E000A4488830006820F0C00021690843A1493D
:1038F000C1F88800207800F01000102809D19D48F8
:103900008830006820F44070616908439949C1F823
:103910008800207800F02000202809D195488830C0
:10392000006820F44060A16908439249C1F888000A
:10393000207800F04000402809D18E488830006887
:1039400020F44050E16908438A49C1F88800207892
:1039500000F08000802809D186488830006820F473
:103960004040216A08438349C1F88800208800F458
:103970008070B0F5807F09D17E488830006820F4DF
:103980004030616A08437B49C1F88800206800F430
:103990000030B0F5003F09D176489C30006820F037
:1039A0000300A16A08437349C1F89C00208800F411
:1039B0000070B0F5007F09D16E488830006820F4AF
:1039C0004020E16A08436B49C1F88800208800F470
:1039D0008060B0F5806F13D166488830006820F4AD
:1039E0004010216B0843634988310860206BB0F5B3
:1039F000801F05D15F48C06840F480105D49C860F1
:103A0000208800F40060B0F5006F13D15948883069
:103A1000006820F44000616B084356498831086013
:103A2000606BB0F5800F05D15248C06840F480103B
:103A30005049C860208800F48050B0F5805F13D1F1
:103A40004C488830006820F04070A16B0843494919
:103A500088310860A06BB0F1807F05D14548C0680F
:103A600040F480104349C860208800F40050B0F54D
:103A7000005F13D13F488830006820F04060E16B60
:103A800008433C4988310860E06BB0F1006F05D114
:103A90003848C06840F480103649C860208800F477
:103AA0008040B0F5804F13D132488830006820F054
:103AB0004060216C08432F4988310860206CB0F1C8
:103AC000006F05D12B48C06840F480102949C860B8
:103AD000208800F40040B0F5004F13D1254888300D
:103AE000006820F04050616C08432249883108602A
:103AF000606CB0F1805F05D11E48C06840F4803032
:103B00001C49C860206800F48030B0F5803F13D1B4
:103B100018488830006820F04040A16C08431549DF
:103B200088310860A06CB0F1804F05D11148C068A1
:103B300040F480300F49C860206800F48020B0F560
:103B4000802F13D10B489C30006820F44010E16CAA
:103B5000084308499C310860E06CB0F5001F05D1AE
:103B60000448C06840F480100249C8604046BDE87F
:103B7000F883000000100240007000402DE9F04181
:103B800004460D464FF0000814B90120BDE8F0814D
:103B90007D48006800F00F00A8420ED27A48006805
:103BA00020F00F002843784908600846006800F0BC
:103BB0000F00A84201D00120E8E7207800F00100C2
:103BC000002864D06068032823D17048006800F0A2
:103BD000007008B90120D9E703F016F806466C48D2
:103BE000864237D96948806800F0F00030B120780B
:103BF00000F0020002282DD1A06858BB63488068FD
:103C000020F0F00040F08000604988604FF08008AC
:103C100020E06068022806D15C48006800F40030AB
:103C200040B90120B2E75948006800F4806008B943
:103C30000120ABE700F0DEF806465548864209D978
:103C40005248806820F0F00040F080004F498860C2
:103C50004FF080084D48806820F0030061680843F9
:103C60004A498860FFF7EAF8074608E0FFF7E6F8F8
:103C7000C01B41F28831884201D9032086E74348BE
:103C8000806800F00C006168B0EB810FEED1207805
:103C900000F00200022820D1207800F0040004285F
:103CA00005D13A48806840F4E0603849886020785F
:103CB00000F00800082807D13448806820F46050DC
:103CC00040F4E060314988603048806820F0F000BE
:103CD000A16808432D49886008E0B8F1800F05D13C
:103CE0002A48806820F0F00028498860264800684B
:103CF00000F00F00A84219D92348006820F00F00F7
:103D0000284321490860FFF799F8074608E0FFF7C4
:103D100095F8C01B41F28831884201D9032035E76C
:103D20001948006800F00F00A842F0D1207800F098
:103D30000400042807D11548806820F4E060E16899
:103D4000084312498860207800F00800082808D14C
:103D50000E48806820F46050216940EAC1000B4998
:103D6000886000F047F809498968C1F30311094ADE
:103D7000515C01F01F01C84007490860074800680E
:103D8000FFF7A6FB02E700000020024000100240FF
:103D900000B4C40420B20008100000200800002075
:103DA00001480068704700001000002000B5FFF7D0
:103DB000F7FF05498968C1F30221044A515C01F00B
:103DC0001F01C84000BD00000010024030B20008D2
:103DD00000B5FFF7E5FF05498968C1F3C221044A30
:103DE000515C01F01F01C84000BD000000100240FE
:103DF00030B2000870B5224DAD6805F00C05042DF9
:103E000001D120483AE01E4DAD6805F00C05082DA3
:103E100001D11D4832E01A4DAD6805F00C050C2D9E
:103E20002BD1174DED6805F00304154DED68C5F372
:103E300003156A1C022C0CD0032C09D1124DB5FBC2
:103E4000F2F50F4EF668C6F3062605FB06F10AE00A
:103E500000BF0C4DB5FBF2F5094EF668C6F3062619
:103E600005FB06F100BF00BF054DED68C5F34165D8
:103E70006D1C6B00B1FBF3F000E0002070BD000092
:103E8000001002400024F40000127A002DE9F843EB
:103E9000044614B90120BDE8F883207800F0010041
:103EA000002865D0FC48806800F00C07FA48C0681C
:103EB00000F003060C2F01D1032E01D0082F0AD1E8
:103EC000F548006800F40030002851D060680028F0
:103ED0004ED10120DFE700BF6068B0F5803F06D11A
:103EE000ED48006840F48030EB4908601AE06068F3
:103EF000B0F5A02F0BD1E848006840F48020E649D7
:103F000008600846006840F4803008600AE0E24833
:103F1000006820F48030E04908600846006820F41A
:103F20008020086000BF606888B1FEF787FF054603
:103F300006E0FEF783FF401B642801D90320AAE7AF
:103F4000D548006800F400300028F2D010E0FEF7F9
:103F500075FF054606E0FEF771FF401B642801D996
:103F6000032098E7CC48006800F400300028F2D124
:103F7000207800F00200022860D1C748806800F075
:103F80000C07C548C06800F003060C2F01D1022EB3
:103F900001D0042F18D1C048006800F4806018B127
:103FA000E06808B9012076E7BB48406820F0FE4091
:103FB000217C40EA0160B8494860B8480068FFF7D2
:103FC00087FA18B3012066E7E06800B3B2480068DA
:103FD00040F48070B0490860FEF730FF054606E007
:103FE000FEF72CFF401B022801D9032053E7AA4803
:103FF000006800F480600028F2D0A748406820F0F4
:10400000FE40217C40EA0160A349486016E0A248D6
:10401000006820F48070A0490860FEF70FFF054695
:1040200006E0FEF70BFF401B022801D9032032E710
:104030009948006800F480600028F2D1207800F0F0
:104040000800082836D16069D0B1934894300068E0
:1040500040F001009049C1F89400FEF7EFFE0546DC
:1040600006E0FEF7EBFE401B022801D9032012E711
:1040700089489430006800F002000028F1D019E06F
:1040800085489430006820F001008349C1F894000D
:10409000FEF7D4FE054606E0FEF7D0FE401B0228E0
:1040A00001D90320F7E67C489430006800F0020054
:1040B0000028F1D1207800F00400042872D14FF0DC
:1040C00000087548806D012121EA107078B100BFA9
:1040D0007148806D40F080506F4988650846806D5A
:1040E00000F08050009000BF00BF4FF001086C4806
:1040F000006800F48070B0B96948006840F48070CE
:1041000067490860FEF79AFE054606E0FEF796FE50
:10411000401B022801D90320BDE66148006800F475
:1041200080700028F2D000BFA068012808D15A484A
:104130009030006840F001005749C1F8900021E03C
:10414000A06805280FD154489030006840F0040062
:104150005149C1F890000846D0F8900040F00100A5
:10416000C1F890000EE04C489030006820F001004B
:104170004949C1F890000846D0F8900020F00400AA
:10418000C1F8900000BFA068A8B1FEF757FE054631
:1041900009E0FEF753FE401B41F28831884202D904
:1041A000032078E625E03C489030006800F00200EB
:1041B0000028EED013E0FEF741FE054608E0FEF7CA
:1041C0003DFE401B41F28831884201D9032062E65E
:1041D00031489030006800F002000028EFD1B8F1BB
:1041E000010F05D12C48806D20F080502A49886548
:1041F00000BF207800F02000202836D1A069D0B17F
:1042000025489830006840F001002349C1F8980023
:10421000FEF714FE054606E0FEF710FE401B0228DE
:1042200001D9032037E61C489830006800F00200EE
:104230000028F1D019E018489830006820F00100FB
:104240001549C1F89800FEF7F9FD054606E0FEF7AE
:10425000F5FD401B022801D903201CE60E489830CA
:10426000006800F002000028F1D1E069002860D069
:104270000948806800F00C000C287AD0E069022818
:1042800058D10548006820F0807003490860FEF7A7
:10429000D5FD05460DE0000000100240080000209A
:1042A00000700040FEF7CAFD401B022801D9032020
:1042B000F1E54A48006800F000700028F2D1D4E926
:1042C0000810401E41EA0011A06A41EA0021208E38
:1042D0000122C2EB500041EA40513420005DC2EBA4
:1042E000500041EA40612C20005D41EAC0603B493A
:1042F000C9683B4A114008433849C860084600680D
:1043000040F0807008600846C06840F08070C86067
:10431000FEF794FD054606E0FEF790FD401B0228DF
:1043200001D90320B7E52D48006800F0007000288F
:10433000F2D051E02948006820F0807027490860D9
:10434000FEF77CFD054606E0FEF778FD401B0228DF
:1043500001D903209FE52148006800F00070002883
:10436000F2D11E48C0681F4908401C49C86033E0AC
:10437000FFE7E069012800D18DE51848C66806F01E
:104380000301206A814225D106F0F001606A401ED7
:10439000B1EB001F1ED106F4FE41A06AB1EB002F65
:1043A00018D106F078412C20005DB1EBC06F11D11F
:1043B00006F4C001208E0122C2EB5000B1EB405F39
:1043C00008D106F0C0613420005DC2EB5000B1EBB3
:1043D000406F01D001205EE500205CE50010024046
:1043E0000C809F01FCFFEEFE70B504460CB9012065
:1043F00070BD606A38B96068B0F5827F00D105E0B1
:104400000021E16102E00021216161610021A162DE
:1044100094F85D0028B9002084F85C00204600F084
:1044200061F8022084F85D002068006820F04000F8
:1044300021680860E068B0F5E06F01D9002501E06F
:104440004FF48055E068B0F5706F05D0E068B0F5C6
:10445000E06F01D00021A162A08800F48270218960
:1044600001F404410843217C01F002010843217D4D
:1044700001F001010843218B01F400710843217F01
:1044800001F0380108432021095D01F08001084353
:10449000218D01F400510843216808600421A069BE
:1044A00001EA104094F8241001F01001084394F838
:1044B000341001F008010843A18901F47061084338
:1044C00005F480510843216848602068C06920F4E1
:1044D00000602168C86100202066012084F85D002A
:1044E000002085E710B586B00446142101A8FBF72B
:1044F000DBFE3B492068884243D100BF3948006E4B
:1045000040F48050374908660846006E00F4805039
:10451000009000BF00BF00BF0846C06C40F0010023
:10452000C8640846C06C00F00100009000BF00BFE6
:1045300000BF0846C06C40F00200C8640846C06C6A
:1045400000F00200009000BF00BFC02001900220D8
:1045500002900020039004900520059001A94FF0DF
:104560009040FEF76FFB082001900220029000208F
:10457000039004900520059001A91B48FEF762FBFB
:104580002CE01A492068884228D100BF1548806D68
:1045900040F48040134988650846806D00F48040EF
:1045A000009000BF00BF00BF0846C06C40F0020092
:1045B000C8640846C06C00F00200009000BF00BF55
:1045C0004FF460400190022002900020039004907C
:1045D0000520059001A90448FEF734FB06B010BD84
:1045E0000030014000100240000400480038004044
:1045F0002DE9F84304460F4616461D46FEF71EFCFD
:104600008046B14694F85D00012802D00220BDE842
:10461000F88307B10EB90120F9E700BF94F85C00F8
:10462000012801D10220F2E7012084F85C0000BFDC
:10463000032084F85D0000202066A763A687E68734
:104640002064A4F84400A4F846002065E064A06853
:10465000B0F5004F0BD12068006820F040002168C1
:1046600008602068006840F4804021680860206885
:10467000006800F04000402805D02068006840F045
:10468000400021680860E068B0F5E06F37D96068E5
:1046900010B1B9F1010F09D1A06B00882168C86081
:1046A000A06B801CA063E08F401EE08723E02068A1
:1046B000806800F0020002280AD1A06B00882168FF
:1046C000C860A06B801CA063E08F401EE08712E0F2
:1046D000FEF7B4FBA0EB0800A84201D3681C00B9A8
:1046E0004DB9012084F85D0000BF002084F85C0013
:1046F00000BF03208BE7E08F0028D8D152E060682C
:1047000010B1B9F1010F17D1E08F01280AD9A06BC0
:1047100000882168C860A06B801CA063E08F801EA9
:10472000E08709E0A06B007821680873A06B401C4B
:10473000A063E08F401EE08731E02068806800F0D1
:104740000200022818D1E08F01280AD9A06B008846
:104750002168C860A06B801CA063E08F801EE0878A
:104760001DE0A06B007821680873A06B401CA0635B
:10477000E08F401EE08712E0FEF760FBA0EB080030
:10478000A84201D3681C00B94DB9012084F85D002E
:1047900000BF002084F85C0000BF032037E7E08FF3
:1047A0000028CAD142462946204602F061FA08B1E3
:1047B00020202066A06850B900BF0020009020682B
:1047C000C068009020688068009000BF00BF012092
:1047D00084F85D0000BF002084F85C0000BF206EFC
:1047E00008B1012013E7002011E72DE9FE4F044630
:1047F0000F4690461D460C9E01200090FEF71EFBC2
:10480000824694F85DB060680190A9460295BBF1BC
:10481000010F0BD00198B0F5827F04D1A06810B9C8
:10482000BBF1040F02D00220BDE8FE8F1FB1B8F12A
:10483000000F00D00DB90120F6E700BF94F85C002E
:10484000012801D10220EFE7012084F85C0000BFBD
:1048500094F85D00042802D0052084F85D00002053
:104860002066C4F84080A4F84650A4F84450A763DA
:10487000E587A587E0642065E068B0F5E06F02D8C1
:104880000298012806D92068406820F480502168E9
:10489000486005E02068406840F480502168486026
:1048A0002068006800F04000402805D020680068BB
:1048B00040F0400021680860E068B0F5E06F56D92C
:1048C000606810B1B9F1010F09D1A06B00882168AF
:1048D000C860A06B801CA063E08F401EE0873EE0B4
:1048E0002068806800F00200022810D1E08F70B1CB
:1048F000009801280BD1A06B00882168C860A06BCC
:10490000801CA063E08F401EE0870020009020689C
:10491000806800F0010080B1B4F8460068B12068FA
:10492000C068216C0880206C801C2064B4F84600AC
:10493000401EA4F8460001200090FEF77FFAA0EB8D
:104940000A00B0420BD3701C48B1012084F85D000E
:1049500000BF002084F85C0000BF032064E7E08F04
:104960000028BDD1B4F846000028B9D18DE06068B8
:1049700010B1B9F1010F17D1E08F01280AD9A06B4E
:1049800000882168C860A06B801CA063E08F801E37
:10499000E08709E0A06B007821680873A06B401CD9
:1049A000A063E08F401EE08768E02068806800F028
:1049B000020002281ED1E08FE0B10098012819D131
:1049C000E08F01280AD9A06B00882168C860A06B1D
:1049D000801CA063E08F801EE08709E0A06B007858
:1049E00021680873A06B401CA063E08F401EE08725
:1049F000002000902068806800F0010058B3B4F8EF
:104A0000460040B3B4F84600012816D92068C068B3
:104A1000216C0880206C801C2064B4F84600801E45
:104A2000A4F84600B4F84600012812D8206840686F
:104A300040F48050216848600BE02068007B216CC6
:104A40000870206C401C2064B4F84600401EA4F896
:104A5000460001200090FEF7F1F9A0EB0A00B042F9
:104A600001D3701C00B94EB9012084F85D0000BF6D
:104A7000002084F85C0000BF0320D5E6E08F00280A
:104A800093D1B4F8460000288FD1524631462046D3
:104A900002F0EEF840B12020206600BF002084F82C
:104AA0005C0000BF0120BFE6012084F85D0000BF6C
:104AB000002084F85C0000BF206E08B10120B3E63E
:104AC0000020B1E670B504462546681EB0F1807F2F
:104AD00001D301200FE0681E4FF0E02148610F2153
:104AE0004FF0FF3003F0F6F800204FF0E02188612E
:104AF00007200861002070BD7047704770470000B4
:104B000010B50346002200BF93F83C00012801D1F4
:104B1000022010BD012083F83C0000BF22F0FF00FE
:104B2000CC6840EA040222F440708C6840EA040237
:104B300022F480604C6840EA040222F400600C68B1
:104B400040EA040222F480500C6940EA040222F494
:104B500000504C6940EA040222F480400C6B40EAA9
:104B6000040222F470200C8B40EA044222F08050B0
:104B7000CC6940EA0402144C1868A04207D0134CD8
:104B80001868A04203D0124C1868A04213D122F436
:104B900070000C8D40EA045222F080700C6A40EAEA
:104BA000040222F000704C6A40EA040222F0005035
:104BB000CC6A40EA04021868426400BF002083F80F
:104BC0003C0000BF00BFA4E7002C014000340140BE
:104BD00000500140704770477047000030B50246F2
:104BE0000B4600BF92F83C00012801D1022030BDE5
:104BF000012082F83C0000BF022082F83D001068CE
:104C0000416810688468234D1068A84207D0224D7F
:104C10001068A84203D0214D1068A84203D121F4A6
:104C20007001586801431E4801401868014310682C
:104C30004160184D1068A8421BD01068B0F1804F39
:104C400017D0184D1068A84213D0174D1068A8420D
:104C50000FD0164D1068A8420BD00F4D1068A84217
:104C600007D0134D1068A84203D00C4D1068A8421D
:104C700005D124F080049868044310688460012002
:104C800082F83D0000BF002082F83C0000BF00BF5A
:104C9000ADE70000002C014000340140005001400D
:104CA0008FFFFFFD0004004000080040000C0040A2
:104CB00000400140704710B504460CB9012010BDFA
:104CC00094F83D0028B9002084F83C00204600F00C
:104CD00029F8022084F83D00211D206802F030F9F7
:104CE000012084F8480000BF84F83E0001213F20E5
:104CF00001554020015541200155422001554320D6
:104D0000015500BF00BF012084F844004520015533
:104D1000462001554720015500BF012084F83D0081
:104D20000020CCE738B504461F49206888420DD1E1
:104D300000BF1E48006E40F400601C49086608462B
:104D4000006E00F40060009000BF2CE02068B0F11D
:104D5000804F16D100BF1548806D40F00100134907
:104D600088650846806D00F00100009000BF00BF1C
:104D7000002211461C20FEF70DFC1C20FEF7F6FB5E
:104D800011E00B49206888420DD100BF0748006E32
:104D900040F40050054908660846006E00F40050D3
:104DA000009000BF00BF38BD002C01400010024041
:104DB00000340140014691F83D00012801D0012056
:104DC0007047022081F83D000868C06840F001008B
:104DD0000B68D8601C4B086898421BD00868B0F17B
:104DE000804F17D0194B0868984213D0184B0868A9
:104DF00098420FD0174B086898420BD0164B0868A2
:104E0000984207D0154B0868984203D0144B0868A5
:104E1000984210D108688068124B00EA0302062A03
:104E20000FD0B2F5803F0CD00868006840F0010058
:104E30000B68186005E00868006840F001000B6826
:104E400018600020BCE70000002C01400004004076
:104E500000080040000C00400034014000400140C8
:104E600000500140070001002DE9F04104460D46C5
:104E7000002700BF94F83C00012802D10220BDE8C1
:104E8000F081012084F83C0000BF022084F83D003E
:104E9000206886684248064026F47F46206886607F
:104EA0002868B0F5005F33D015DC402851D008DC0D
:104EB000002858D0102857D0202856D0302862D14A
:104EC00054E0502831D0602839D0702813D0B0F584
:104ED000805F58D10EE000F00F01002953D100117E
:104EE000A0F5803008284ED2DFE800F0414243446C
:104EF0004546474849E0D5E902136A68206802F050
:104F0000A4F82068866846F07706206886603CE052
:104F1000D5E902136A68206802F097F82068806873
:104F200040F48040216888602FE0EA686968206862
:104F300002F0ACFA5021206802F092F825E0EA680D
:104F40006968206802F0DEFA6021206802F088F8C3
:104F50001BE0EA686968206802F098FA402120683E
:104F600002F07EF811E000BF00BF00BF00BF00BF2D
:104F700000BF00BF00BF00BF00BF00BF296820689E
:104F800002F06EF801E0012700BF00BF012084F8A5
:104F90003D0000BF002084F83C0000BF38466EE7AB
:104FA00088FFCEFF704770B504462068C668206849
:104FB000056905F00200022819D106F00200022856
:104FC00015D1401F21680861012020772068806981
:104FD00000F0030018B12046FFF7E4FF05E020468B
:104FE00000F062F9204600F050FA0020207705F02A
:104FF0000400042819D106F00400042815D1C04388
:1050000021680861022020772068806900F44070E0
:1050100018B12046FFF7C6FF05E0204600F044F92E
:10502000204600F032FA0020207705F0080008281A
:1050300019D106F00800082815D1C043216808617D
:10504000042020772068C06900F0030018B12046D2
:10505000FFF7A8FF05E0204600F026F9204600F003
:1050600014FA0020207705F01000102819D106F05E
:105070001000102815D1C04321680861082020774E
:105080002068C06900F4407018B12046FFF78AFF1D
:1050900005E0204600F008F9204600F0F6F900206F
:1050A000207705F0010048B106F0010030B16FF043
:1050B000010021680861204600F09EFA05F080009A
:1050C000802804D005F40050B0F5005F0AD106F046
:1050D0008000802806D16FF40250216808612046C4
:1050E000FFF70BFD05F48070B0F5807F0AD106F064
:1050F0008000802806D16FF4807021680861204606
:10510000FFF7FAFC05F04000402809D106F0400006
:10511000402805D1C04321680861204600F006FB05
:1051200005F02000202809D106F02000202805D114
:10513000C043216808612046FFF7E0FC05F48010B9
:10514000B0F5801F0BD106F48010B0F5801F06D19A
:105150006FF48010216808612046FFF73CFD05F4DC
:105160000010B0F5001F0BD106F40010B0F5001FC1
:1051700006D16FF40010216808612046FFF72AFD70
:1051800005F48000B0F5800F0BD106F48000B0F577
:10519000800F06D16FF48000216808612046FFF778
:1051A0001BFD05F40000B0F5000F0BD106F4000064
:1051B000B0F5000F06D16FF40000216808612046A9
:1051C000FFF778FD70BD000010B586B004461421CD
:1051D00001A8FBF769F83049206888422CD100BF4C
:1051E0002E48C06C40F001002C49C8640846C06CD1
:1051F00000F00100009000BF00BF4FF4C0600190BC
:10520000022002900020039004900620059001A93E
:105210004FF09040FDF716FD4FF400600190022022
:1052200002900020039004900B20059001A94FF0FC
:105230009040FDF707FD2CE019492068884228D1ED
:1052400000BF1648C06C40F002001449C86408460C
:10525000C06C00F00200009000BF00BF4020019031
:10526000022002900020039004900520059001A9DF
:105270000C48FDF7E7FC4FF44070019002200290CB
:105280000020039004900A20059001A90548FDF72D
:10529000D9FC06B010BD0000002C014000100240F7
:1052A000003401400004004870472DE9F0410446F5
:1052B0000D461646002700BF94F83C00012802D195
:1052C0000220BDE8F081012084F83C0000BF0C2ED4
:1052D00051D005DC4EB1042E1ED0082E7AD133E019
:1052E000102E60D0142EF9D175E02946206801F007
:1052F000C3FE2068806940F008002168886120684A
:10530000806920F00400216888612068806929692B
:1053100008432168886178E02946206801F00CFF85
:105320002068806940F40060216888612068806995
:1053300020F480602168886120688069296940EADA
:1053400001202168886160E02946206801F05AFF49
:105350002068C06940F008002168C8612068C06901
:1053600020F004002168C8612068C06929690843E9
:105370002168C86149E02946206801F0A7FF20683C
:10538000C06940F400602168C8612068C06920F4E9
:1053900080602168C8612068C069296940EA0120ED
:1053A0002168C86131E02946206801F0F5FF2068D6
:1053B000006D40F00800216808652068006D20F04D
:1053C0000400216808652068006D29690843216888
:1053D00008651AE017E02946206802F019F82068ED
:1053E000006D40F40060216808652068006D20F4BD
:1053F0008060216808652068006D296940EA012005
:105400002168086501E0012700BF00BF00BF002040
:1054100084F83C0000BF384653E710B504460CB989
:10542000012010BD94F83D0028B9002084F83C000C
:10543000204600F029F8022084F83D00211D206854
:1054400001F07EFD012084F8480000BF84F83E0092
:1054500001213F20015540200155412001554220A6
:1054600001554320015500BF00BF012084F84400CE
:1054700045200155462001554720015500BF012018
:1054800084F83D000020CCE77047704770B50446B3
:105490000D4615B994F83E0015E0042D02D13F20C9
:1054A000005D10E0082D02D14020005D0BE00C2DC6
:1054B00002D14120005D06E0102D02D14220005DA6
:1054C00001E04320005D012801D0012070BD1DB91D
:1054D000022084F83E001AE0042D03D102213F206F
:1054E000015514E0082D03D10221402001550EE0A2
:1054F0000C2D03D102214120015508E0102D03D1CC
:1055000002214220015502E00221432001550122DF
:105510002946206801F088FD2D492068884213D073
:105520002C49206888420FD02B49206888420BD034
:105530002A492068884207D029492068884203D038
:1055400028492068884201D1012000E0002028B1CC
:105550002068406C40F40040216848641C49206881
:1055600088421BD02068B0F1804F17D01E492068B8
:10557000884213D01D49206888420FD01C492068FA
:1055800088420BD013492068884207D0124920680E
:10559000884203D013492068884210D1206880686F
:1055A000144900EA0106062E0FD0B6F5803F0CD054
:1055B0002068006840F001002168086005E020686C
:1055C000006840F001002168086000207EE70000CC
:1055D000002C0140003401400040014000440140E3
:1055E0000048014000500140000400400008004015
:1055F000000C00400700010010B52DED068B04469D
:105600002068B0F1804F75D13C4802F02DFE3B4838
:1056100090ED000A3A4880ED000A3A48007840B11F
:10562000002038490870354890ED000A364880ED72
:10563000000A3248D0ED000A334890ED001A70EEAF
:10564000C10AB0EE600ADFED310A03F0D7FDB0EE1B
:10565000408A2A4890ED000A2B4880ED000A9FED11
:105660002C0A68EE008A9FED2B9AB0EE491A2A4860
:10567000D0ED000AB0EE680A04F008FA264880ED82
:10568000000A1E4890ED010A244880ED000A2448D3
:10569000007840B1002022490870184890ED010AB6
:1056A000204880ED000A1548D0ED010A1D4890ED14
:1056B000001A70EEC10AB0EE600ADFED140A03F0C2
:1056C0009DFDF0EE409A0D4890ED010A154880EDE1
:1056D000000A9FED0F0A29EE80AAB0EE491A12487F
:1056E000D0ED000AB0EE4A0A04F0D0F90E4880ED81
:1056F000000A00BFBDEC068B10BD000014000020A6
:1057000078000020200000201C000020DB0FC94092
:1057100000007A44CDCCCC3D7000002098000020E1
:10572000280000202400002090000020704701463F
:1057300000BF91F88400012801D1022070470120A8
:1057400081F8840000BF2420C1F88800086802683E
:105750000868006820F001000B68186022F0005211
:1057600000204866086802602020C1F8880000BF59
:10577000002081F8840000BF00BFDFE770B5044659
:105780000D4600BF94F88400012801D1022070BDAD
:10579000012084F8840000BF2420C4F88800206819
:1057A00006682068006820F0010021680860206811
:1057B000806820F06060284321688860204601F0FE
:1057C000DDFE206806602020C4F8880000BF0020AD
:1057D00084F8840000BF00BFD9E770B504460D46C9
:1057E00000BF94F88400012801D1022070BD01207F
:1057F00084F8840000BF2420C4F88800206806686C
:105800002068006820F00100216808602068806836
:1058100020F06040284321688860204601F0AEFEF9
:10582000206806602020C4F8880000BF002084F8AB
:10583000840000BF00BFD9E710B504460CB90120B1
:1058400010BDA06900B100E000BFD4F8880028B9FD
:10585000002084F88400204600F02AF82420C4F8B0
:1058600088002068006820F0010021680860A06AB4
:1058700010B1204601F0AEFE204601F0D3FF012812
:1058800000D1DDE72068406820F49040216848603E
:105890002068806820F02A002168886020680068FD
:1058A00040F0010021680860204601F00FFFC7E7C3
:1058B00010B59CB00446142117A8FAF7F5FC542142
:1058C00002A8FAF7F1FC1C492068884232D1022074
:1058D00002900020049002A8FDF744FF08B1FBF7F6
:1058E00055F900BF1548806D40F4003013498865B4
:1058F0000846806D00F40030019000BF00BF00BF7B
:105900000846C06C40F00100C8640846C06C00F056
:105910000100019000BF00BF0C20179002201890DA
:10592000002019901A9007201B9017A94FF0904063
:10593000FDF788F91CB010BD004400400010024083
:1059400000BFFEE701688969C1F3400111B1002180
:10595000026891620168896901F0010129B9016851
:10596000896941F001010268916170472DE9F74FA3
:1059700004460E4600272068D0F818800025DDF880
:10598000089008F01000102845D12168C86134E063
:10599000701C90B3FDF752FAA0EB0900B04200D89A
:1059A0005EBB2068406800F4804A94F842B02068EA
:1059B0008069C0F3C03070B1BAF5804F0BD0BBF135
:1059C000200F08D02068406840F48040216848607B
:1059D000FDF734FA814609E0FDF730FAA0EB090043
:1059E000192803D945F02005012705E020688069C2
:1059F000C0F340100028EFD000BF20688069C0F3DA
:105A0000401008B9002FC3D017B920202168C86101
:105A100045F0040501272068D0F8188008F480704C
:105A2000B0F5807F06D145F001054FF48070216804
:105A3000C861012708F48060B0F5806F06D145F099
:105A400008054FF480602168C861012708F40070E0
:105A5000B0F5007F06D145F002054FF400702168D3
:105A6000C8610127AFB12046FFF76CFF206840688E
:105A70000949084021684860606C28436064202020
:105A800084F84100002084F8420000BF84F8400000
:105A900000BF3846BDE8FE8F00E800FE2DE9F84360
:105AA0000446894615461E46DDE908781948F2B2D3
:105AB000002349460090204600F02EF84246394621
:105AC000204600F0B6F810B10120BDE8F883012EA1
:105AD00003D1E8B2216888620EE0C5F3072021688F
:105AE000886242463946204600F0A3F808B10120FA
:105AF000EBE7E8B2216888623B460022402120465D
:105B0000CDF8008000F024F808B10120DDE7002086
:105B1000DBE7000000200080F0B5059CC1F309061A
:105B20004FF47F0707EA02473E431E43264326F011
:105B30000045066876684FF4806707EA545767F0B7
:105B4000FC2747F4C047BE432E4307687E60F0BD84
:105B50002DE9F04104460D4617461E46DDF8188033
:105B60002BE0424631462046FFF700FF10B10120EE
:105B7000BDE8F081701C00B3FDF760F9A0EB0800F0
:105B8000B04200D8CEB9206880692840A84201D12F
:105B9000012000E00020B8420FD1606C40F02000EE
:105BA0006064202084F84100002084F8420000BF97
:105BB00084F8400000BF0120DAE7206880692840AF
:105BC000A84201D1012000E00020B842C9D0002045
:105BD000CEE770B504460D46164622E03246294609
:105BE0002046FFF7C3FE08B1012070BDFDF726F97E
:105BF000801BA84200D8A5B920688069C0F3401076
:105C000078B9606C40F020006064202084F8410086
:105C1000002084F8420000BF84F8400000BF01204B
:105C2000E3E720688069C0F340100028D6D0002048
:105C3000DBE770B504460D46164624E03246294699
:105C40002046FFF793FE08B1012070BD681CD0B15B
:105C5000FDF7F4F8801BA84200D8A5B92068806938
:105C6000C0F3400078B9606C40F0200060642020F0
:105C700084F84100002084F8420000BF84F840000E
:105C800000BF0120E1E720688069C0F340000028E0
:105C9000D4D00020D9E700008168024A1140491C95
:105CA00081607047C0FFFF7F0146886800F0E070A8
:105CB00070470146886800F4604070470146886874
:105CC00000F01F0070470146886800F01F00704711
:105CD000024602F1600000EB8103186800F0F84012
:105CE0007047024602F1600000EB8103186800F083
:105CF000F84070470146C86800F0007070470146E0
:105D00008868C0F3C000704701468868C0F3C000CF
:105D1000704700008168034A114041F0080181602A
:105D200070470000C0FFFF7F01468868C0F3400055
:105D300070470146886800F0010070470146886896
:105D400000F00100704701468868C0F3007070479A
:105D500001468868C0F38000704701468868C0F338
:105D6000800070470146C86800F4406008B901200F
:105D700070470020FCE770B500F11404C1F34065E2
:105D800004EB85031C68C1F304560725B540AC43FA
:105D9000C1F3045502FA05F52C431C6070BD70B5C3
:105DA00000F11404C1F3406504EB85031C68C1F3E2
:105DB00004560725B540AC43C1F3045502FA05F576
:105DC0002C431C6070BD826822F0E0720A4382603E
:105DD0007047826822F0E0720A438260704710B513
:105DE00000F1600404EB81031C6824F000441443B8
:105DF0001C6010BD10B500F1600404EB81031C6849
:105E000024F0004414431C6010BD426922F000429B
:105E10000A4342617047426922F000420A434261EC
:105E20007047000000B59BB00020189019901A90A0
:105E3000202110A8FAF738FA3C2101A8FAF734FA21
:105E40004FF0A040364908604FF4403048600021D0
:105E500033488160C1600161012141610421816198
:105E600000210177417701210162002180F824108F
:105E7000C162016380F83810C16380F84010FCF7FC
:105E800081FA08B1FAF782FE0020189018A9244878
:105E9000FBF714FD08B1FAF779FE224810900620AE
:105EA0001190002012907F20139004201490002065
:105EB000159010A91A48FBF7DDFD08B1FAF766FE48
:105EC0001848019009200290042003907F2004903C
:105ED00004200590002006900220099000208DF8F3
:105EE00028008DF829008DF82A0080200B900C9056
:105EF00000208DF8340001A90948FAF7A5FE08B181
:105F0000FAF744FE0848019040F20F10029001A9F0
:105F10000348FAF799FE08B1FAF738FE1BB000BD46
:105F2000D4000020020030040400600800B58FB0E7
:105F30003C216846FAF7B8F92848294908604FF427
:105F400040304860002126488160C1600161012124
:105F500041610421816100210177417701210162C2
:105F6000002180F8241080F83810C16380F84010B8
:105F7000FCF708FA08B1FAF709FE1A480090092060
:105F80000190042002907F200390042004900020C0
:105F900005900220089000208DF824008DF825003F
:105FA0008DF82600A4200A9080200B9000208DF808
:105FB000300069460A48FAF747FE08B1FAF7E6FDED
:105FC0000948009040F20F10019069460448FAF722
:105FD0003BFE08B1FAF7DAFD0FB000BD000100503A
:105FE00040010020002090360010603200B587B0DC
:105FF000142102A8FAF758F900BF4F48C06C40F0CE
:1060000004004D49C8640846C06C00F004000190CB
:1060100000BF00BF00BF0846C06C40F02000C8644D
:106020000846C06C00F02000019000BF00BF00BF18
:106030000846C06C40F00100C8640846C06C00F01F
:106040000100019000BF00BF00BF0846C06C40F0D7
:106050000200C8640846C06C00F00200019000BF56
:1060600000BF00224FF4C0413448FCF7E1FE00229B
:1060700041F211413248FCF7DBFE00224FF480511F
:106080004FF09040FCF7D4FE4FF4C0400290012046
:10609000039000200490059002A92848FCF7D2FD47
:1060A0004FF40040029000200390049002A923487E
:1060B000FCF7C8FD1020029000200390049002A974
:1060C0004FF09040FCF7BEFD41F2114002900120DC
:1060D000039000200490059002A91948FCF7B2FD36
:1060E00040F6020002904FF48810039000200490C4
:1060F00002A91348FCF7A6FD4FF48050029001203E
:10610000039000200490059002A94FF09040FCF706
:1061100099FD002211460720FDF73CFA0720FDF704
:1061200025FA002201212820FDF734FA2820FDF766
:106130001DFA07B000BD0000001002400008004832
:106140000004004810B51448144908601448486019
:106150000021124881600121C1600021016141617B
:106160008161C1610162FCF7F3FE08B1FAF70EFD2F
:1061700000210A48FCF768FE08B1FAF707FD002184
:106180000648FCF796FE08B1FAF700FD4FF48010C0
:10619000FCF7C4FE10BD000000540040AC0100201C
:1061A0000F06524010B5144814490860144848605E
:1061B0000021124881600121C1600021016141611B
:1061C0008161C1610162FCF7C3FE08B1FAF7DEFC30
:1061D00000210A48FCF738FE08B1FAF7D7FC002185
:1061E0000648FCF766FE08B1FAF7D0FC4FF48000D1
:1061F000FCF794FE10BD0000007800400002002073
:106200000F06524010B51248124908604FF48270D0
:10621000486000210F4881604FF4E061C1600021B7
:10622000016141614FF4007181611021C161002160
:106230000162416281620721C1620021016308217C
:106240004163FEF7D1F808B1FAF7A0FC10BD0000D9
:10625000003001405402002010B512481249086075
:106260004FF48270486000210F4881604FF4E06174
:10627000C1600021016141614FF400718161202101
:10628000C16100210162416281620721C162002176
:10629000016308214163FEF7A7F808B1FAF776FC1D
:1062A00010BD000000380040B802002000B59BB0CF
:1062B00000201790189019901A901490159016902D
:1062C0001C210DA8F9F7F0FF34216846F9F7ECFF1F
:1062D00039483A49086000204860602137488160A9
:1062E00041F29A01C16000210161092141618021CF
:1062F0008161FEF7E0FC08B1FAF748FC4FF48050EA
:10630000179017A92D48FEF7AFFD08B1FAF73EFC2C
:106310002A48FFF782F808B1FAF738FC20201490D9
:1063200000201590169014A92448FEF757FC08B1D8
:10633000FAF72CFC60200D9000200E900F9010902A
:1063400011901290139004220DA91C48FEF7ADFF86
:1063500008B1FAF71BFC08220DA91848FEF7A5FFA3
:1063600008B1FAF713FC0C220DA91448FEF79DFFA3
:1063700008B1FAF70BFC0020009001900290039006
:1063800004904FF40050059000200690079008906C
:106390004FF00070099000200A900B900C90694615
:1063A0000648FEF7ADFB08B1FAF7F0FB0348FEF72D
:1063B0000BFF1BB000BD0000002C01401C0300209F
:1063C00000B587B0002003900490059006900090DF
:1063D000019002904FF0804014490860A920486065
:1063E00000211248816040F2E731C1600021016163
:1063F00080218161FEF75FFC08B1FAF7C7FB4FF41B
:106400008050039003A90948FEF72EFD08B1FAF762
:10641000BDFB00200090029069460448FEF7DEFBB9
:1064200008B1FAF7B3FB07B000BD00006803002015
:1064300000B59BB000201790189019901A901490F6
:10644000159016901C210DA8F9F72EFF34216846EF
:10645000F9F72AFF39483A4908600020486060216E
:106460003748816041F29A01C16000210161092130
:10647000416180218161FEF71EFC08B1FAF786FBBD
:106480004FF48050179017A92D48FEF7EDFC08B186
:10649000FAF77CFB2A48FEF7C0FF08B1FAF776FB53
:1064A0002020149000201590169014A92448FEF77F
:1064B00095FB08B1FAF76AFB60200D9000200E9062
:1064C0000F90109011901290139000220DA91C486B
:1064D000FEF7EBFE08B1FAF759FB04220DA91848A4
:1064E000FEF7E3FE08B1FAF751FB08220DA91448A4
:1064F000FEF7DBFE08B1FAF749FB0020009001909F
:106500000290039004904FF40050059000200690F4
:10651000079008904FF00070099000200A900B90AF
:106520000C9069460648FEF7EBFA08B1FAF72EFB25
:106530000348FEF749FE1BB000BD000000340140D7
:10654000B403002010B51848184908604FF4E13032
:106550004860002115488160C16001610C214161E2
:1065600000218161C1610162416200200F4988629E
:106570000846FFF761F908B1FAF708FB00210B485C
:10658000FFF72BF908B1FAF701FB00210748FFF7E5
:10659000F5F808B1FAF7FAFA0448FFF7C8F808B1B5
:1065A000FAF7F4FA10BD0000004400400004002097
:1065B00000BFFEE700BFFEE700200CE0002106E080
:1065C0000022064B03EBC0135A544A1CD1B2802957
:1065D000F6DB421CD0B20828F0DB704794040020A0
:1065E0002DE9F04304460D4616461F467F2C01DD7B
:1065F000BDE8F0833F2D00DDFAE7A119802902DD17
:10660000C4F18001CEB2E919402902DDC5F1400193
:10661000CFB2284630E0234629E04FEAE07C00EB89
:106620005C7C4FEAEC0CDFF85C8008EBCC1C1CF8BF
:1066300003C002464FEAE07800EB58784FEAE808DA
:10664000A0EBC8094FF0010808FA09F82CEA080C79
:1066500001464FEAE07800EB58784FEAE808DFF8A7
:10666000249009EBC81808F803C0591CCBB2A11933
:106670009942D2DC411CC8B2E9198142CBDC00BF8F
:10668000B6E700009404002030B587B0002406E08F
:10669000002500E06D1CB5F57A7FFBD3641CB4F5D2
:1066A0007A7FF5D300BF1D48C06C40F004001B4941
:1066B000C8640846C06C00F00400019000BF00BF31
:1066C00000BF0846C06C40F00100C8640846C06CBA
:1066D00000F00100019000BF00BF142102A8F9F7EB
:1066E000E3FD1120039001200490032005904FF456
:1066F0008040029002A90A48FCF7A4FA4FF4005027
:10670000029002A90648FCF79DFA012000F024FA45
:10671000012000F039FA07B030BD0000001002403F
:106720000008004870B50546002411E08021214191
:10673000294009B1012100E00021084600F024FAB7
:10674000012000F009FA002000F006FA601CC4B233
:10675000082CEBDB012000F0FFF9002000F0FCF931
:1067600070BD10B5012000F00FFA012000F0F4F91F
:10677000002000F009FA002000F0EEF910BD10B57D
:10678000002000F001FA012000F0E6F9012000F0FD
:10679000FBF910BD10B5FFF777FFAE2000F00CFA43
:1067A000D52000F009FA802000F006FAA82000F0B9
:1067B00003FA3F2000F000FAD32000F0FDF900209A
:1067C00000F0FAF9402000F0F7F9A12000F0F4F908
:1067D000C82000F0F1F9DA2000F0EEF9122000F004
:1067E000EBF9812000F0E8F9CF2000F0E5F9D9209D
:1067F00000F0E2F9F12000F0DFF9DB2000F0DCF935
:10680000302000F0D9F9A42000F0D6F9A62000F03D
:10681000D3F98D2000F0D0F9142000F0CDF9AF208D
:1068200000F0CAF9FFF7C8FE00F082F910BD10B5FC
:106830000246012000E050430B1EA1F10101FAD1F4
:1068400010BD70B505460C4645F0B00000F0B4F937
:10685000102141EA141000F0AFF904F00F0000F02D
:10686000ABF970BDF8B506460F4614461D46082D17
:106870000CD1A4F120000E4901EB001010230822D6
:1068800039460090304600F097F80FE0062D0DD104
:10689000A4F1200000EB4000064901EB4000082372
:1068A000062239460090304600F086F8F8BD000018
:1068B00038B2000828B800082DE9F04F2DED088BFC
:1068C00081B005468B46B0EE408AF0EE608A1646EF
:1068D0009A46129C9FED360B53EC102B51EC180B83
:1068E000F9F758FE06D823462B2259462846FFF7CB
:1068F000B9FF0BE023462D2259462846FFF7B2FF89
:1069000051EC180B81F0004141EC180B51EC180BC5
:10691000F9F7FBFD80464046F9F7EAFD41EC190B1B
:1069200053EC182BF9F76FFD41EC180B51460A2078
:10693000FFF77DFF07463846F9F7DAFD41EC1B0B00
:1069400053EC182BF9F762FD41EC1A0BB0EE4A0A32
:10695000F0EE6A0A01F0D4FBB0EE409AF0EE609AD5
:1069600051EC190BF9F7D1FD8146B9FBF7F08044E2
:106970002919C8B2334642465946009400F0B2F88D
:10698000711C01FB0451C8B223462E225946FFF761
:1069900069FFB11C01FB0451C8B253464A4659462F
:1069A000009400F09FF801B0BDEC088BBDE8F08FBB
:1069B00000000000000000002DE9F04707460C46EB
:1069C00090469946DDF820A07F2F01DDBDE8F087D5
:1069D0003F2C00DDFAE74B46424621463846FFF79A
:1069E000FFFD002570E0002669E0B8197F2800DD72
:1069F00067E0E11704EB517105EBE101072900DDC8
:106A0000E4E72046E21704EB527205EBE202344B56
:106A100003EBC212BB19D25C2146E31704EB53739C
:106A2000DB10A4EBC30305FB086C1AF80CC00CFACE
:106A300003FC42EA0C02E31704EB537305EBE30398
:106A4000DFF89CC00CEBC31307EB060C03F80C201B
:106A5000E11704EB517105EBE101491C072900DD49
:106A60002BE02046E21704EB527205EBE202521CC7
:106A70001B4B03EBC212BB19D25C2146E31704EB9C
:106A80005373DB10A4EBC303C3F1080305FB086CCD
:106A90001AF80CC04CFA03FC42EA0C02E31704EBB0
:106AA000537305EBE3035B1CDFF834C00CEBC3133B
:106AB00007EB060C03F80C2000BF701CC6B246455D
:106AC00093DB00BF681CC5B2A9F10100C11700EB40
:106AD0005171012202EBE101A94284DC00BF75E79C
:106AE000940400202DE9F0470646894617461D46C6
:106AF000DDF82080002417E0281B411E0A20FFF744
:106B000096FEB7FBF0F00A21B0FBF1F201FB120098
:106B100000F1300A04FB0861C8B2434652464946B8
:106B2000FFF7A0FE601CC4B2AC42E5DBBDE8F08715
:106B300010B500240BE000212046FFF782FE054936
:106B400001EBC410802100F047F8601CC4B2082C8F
:106B5000F1DB10BD9404002038B5044622464FF402
:106B600000510848FCF764F90020009004E0BDF8EB
:106B70000000401C80B20090BDF800000328F6DB46
:106B800038BD00000008004838B5044622464FF4DE
:106B900080410848FCF74CF90020009004E0BDF863
:106BA0000000401C80B20090BDF800000328F6DB16
:106BB00038BD00000008004810B50446FFF7D1FDBD
:106BC0007820FFF7AFFD0020FFF7ACFD2046FFF770
:106BD000A9FDFFF7D4FD10BD70B505460E46FFF7C1
:106BE000C0FD7820FFF79EFD4020FFF79BFD0024AD
:106BF00004E0285DFFF796FD601CC4B2B442F8DBE8
:106C0000FFF7BDFD70BD704770B5164DED6805F01E
:106C10000304144DED68C5F303156B1C022C0CD056
:106C2000032C09D1104DB5FBF3F50E4EF668C6F3F3
:106C3000062605FB06F10AE000BF0C4DB5FBF3F597
:106C4000084EF668C6F3062605FB06F100BF00BF36
:106C5000044DED68C5F341656D1C6A00B1FBF2F0AF
:106C600070BD00000010024000127A000024F40001
:106C7000F8B504460E461546334600224FF4C0517F
:106C80002046009500F026F828B1206E40F0200044
:106C900020660320F8BD334600228021204600955F
:106CA00000F094F828B1206E40F020002066032008
:106CB000F0E7334600224FF4C0612046009500F013
:106CC00009F828B1206E40F0200020660320E1E79B
:106CD0000020DFE72DE9FC5F04460D4616461F46FF
:106CE000DDF8309000200090FCF7A8F8A0EB090038
:106CF000A7EB0008FCF7A2F88246206800F10C0B15
:106D000031480068C0EBC00000EB8000000D00FBC4
:106D100008F0019051E0B5F5C06F05D126B99BF898
:106D2000000000909DF80000781C002845D0FCF77A
:106D300085F8A0EB0A00404502D2B8F1000F34D12B
:106D40002068406820F0E000216848606068B0F585
:106D5000827F0DD1A068B0F5004F03D0A068B0F5D8
:106D6000806F05D12068006820F04000216808602D
:106D7000A06AB0F5005F0DD100BF2068006820F464
:106D80000050216808602068006840F400502168C5
:106D9000086000BF012084F85D0000BF002084F877
:106DA0005C0000BF0320BDE8FC9F019810B94FF0C4
:106DB000000802E00198401E019020688068284089
:106DC000B042A8D10020EEE7100000202DE9F84FD6
:106DD00004460D4690461E46DDF82890FCF72EF836
:106DE000A0EB0900371AFCF729F882462C48006806
:106DF000C0F3CB307843009046E0701C002843D0AD
:106E0000FCF71CF8A0EB0A00B84200D2A7BB206830
:106E1000406820F0E000216848606068B0F5827F3B
:106E20000DD1A068B0F5004F03D0A068B0F5806F19
:106E300005D12068006820F0400021680860A06A41
:106E4000B0F5005F0DD100BF2068006820F400504D
:106E5000216808602068006840F4005021680860DC
:106E600000BF012084F85D0000BF002084F85C00B2
:106E700000BF0320BDE8F88FFFE7009808B900279E
:106E800002E00098401E0090206880682840A842D8
:106E900001D1012000E000204045AED10020E9E70B
:106EA00010000020704710B5FCF7F6FA10BD00B5D1
:106EB00093B0382105A8F9F7F7F914216846F9F7D6
:106EC000F3F90020FCF7B8FB02200590C001089000
:106ED0004020099002200C9002210D9104210E9176
:106EE00055210F91022110911191129105A8FCF7E3
:106EF000CDFF08B1F9F74AFE0F2000900320019062
:106F0000002002900390049004216846FCF736FEAE
:106F100008B1F9F73BFE13B000BD0000034800685C
:106F200040F47000014908607047000088ED00E0FF
:106F300010B50248FEF737F810BD000068030020C6
:106F400010B502682F4B984211D0B0F1804F0ED08F
:106F50002D4B98420BD02D4B984208D02C4B984289
:106F600005D02C4B984202D02B4B984203D122F0F3
:106F700070024B681A43234B98421AD0B0F1804FED
:106F800017D0214B984214D0204B984211D0204B5F
:106F900098420ED01F4B98420BD0204B984208D0FD
:106FA0001F4B984205D01F4B984202D01A4B984273
:106FB00003D122F44072CB681A4322F080034C695B
:106FC00043EA04028B68C3620B6883620D4B9842EC
:106FD0000ED0104B98420BD0104B984208D0104B5B
:106FE000984205D00F4B984202D00B4B984201D1EA
:106FF0000B690363036843F00403036001234361E7
:10700000026010BD002C0140000400400008004058
:10701000000C00400034014000500140004001409D
:10702000004401400048014030B501F01F05012433
:1070300004FA05F3046A9C430462046A01F01F0524
:1070400002FA05F52C43046230BD30B50C46816868
:1070500021F47F4142EA032525432943816030BD65
:107060000A468168034B194042F0070319438160C7
:10707000704700008FFFCFFF30B5026A056A25F028
:107080000105056243688469244D2C4024F0030403
:107090000D682C4322F002028D682A43204DA8423D
:1070A00000D113E01F4DA84200D10FE01E4DA842B1
:1070B00000D10BE01D4DA84200D107E01C4DA842B5
:1070C00000D103E01B4DA84208D100BF056A25F09E
:1070D0000405056222F00802CD682A43104DA8423B
:1070E0000ED0104DA8420BD00F4DA84208D00F4D26
:1070F000A84205D00E4DA84202D00E4DA84207D19D
:1071000023F4807323F400734D692B438D692B4363
:10711000436084614D684563026230BD8FFFFEFFAE
:10712000002C014000340140004001400044014077
:10713000004801400050014030B5026A056A25F060
:107140001005056243688469274D2C4024F440747F
:107150000D6844EA052422F020028D6842EA0512F7
:10716000224DA84200D113E0214DA84200D10FE0EA
:10717000204DA84200D100BF1F4DA84200D100BF42
:107180001E4DA84200D100BF1D4DA84209D100BF2D
:10719000056A25F04005056222F08002CD6842EACA
:1071A0000512124DA8420ED0114DA8420BD0114D20
:1071B000A84208D0104DA84205D0104DA84202D0D8
:1071C0000F4DA84209D123F4806323F400634D6975
:1071D00043EA85038D6943EA8503436084614D6812
:1071E0008563026230BD0000FF8FFFFE002C01406E
:1071F000003401400040014000440140004801408B
:107200000050014030B5026A056A25F480750562B8
:107210004368C469264D2C4024F003040D682C43B8
:1072200022F400728D6842EA0522224DA84200D164
:1072300013E0214DA84200D10FE0204DA84200D11B
:1072400000BF1F4DA84200D100BF1E4DA84200D173
:1072500000BF1D4DA84209D100BF056A25F4806515
:10726000056222F40062CD6842EA0522114DA8426F
:107270000ED0114DA8420BD0104DA84208D0104D91
:10728000A84205D00F4DA84202D00F4DA84209D107
:1072900023F4805323F400534D6943EA05138D69A9
:1072A00043EA05134360C4614D68C563026230BDA3
:1072B0008FFFFEFF002C01400034014000400140E0
:1072C00000440140004801400050014030B5026ACE
:1072D000056A25F4805505624368C469274D2C4032
:1072E00024F440740D6844EA052422F400528D68A9
:1072F00042EA0532224DA84200D113E0214DA842B6
:1073000000D10FE0204DA84200D100BF1F4DA84280
:1073100000D100BF1E4DA84200D100BF1D4DA842A4
:1073200009D100BF056A25F48045056222F40042B8
:10733000CD6842EA0532124DA8420ED0114DA84246
:107340000BD0114DA84208D0104DA84205D0104DC9
:10735000A84202D00F4DA84209D123F4804323F460
:1073600000434D6943EA85138D6943EA8513436001
:10737000C4614D680564026230BD0000FF8FFFFEEE
:10738000002C014000340140004001400044014015
:10739000004801400050014030B5026A056A25F4FA
:1073A000803505624368046D124D2C400D682C43F6
:1073B00022F400320D8942EA05420F4DA8420ED058
:1073C0000E4DA8420BD00E4DA84208D00D4DA8423C
:1073D00005D00D4DA84202D00C4DA84204D123F493
:1073E00080334D6943EA0523436004654D68856435
:1073F000026230BD8FFFFEFF002C014000340140CF
:10740000004001400044014000480140005001405C
:1074100030B5026A056A25F4801505624368046D7B
:10742000134D2C400D6844EA052422F400120D8906
:1074300042EA05520F4DA8420ED00F4DA8420BD084
:107440000E4DA84208D00E4DA84205D00D4DA842C1
:1074500002D00D4DA84204D123F480234D6943EAA4
:107460008523436004654D68C564026230BD000039
:10747000FF8FFFFE002C014000340140004001401E
:1074800000440140004801400050014030B50B4627
:107490001446026A056A25F001050562134DA842EB
:1074A00000D113E0124DA84200D10FE0114DA842C7
:1074B00000D10BE0104DA84200D107E00F4DA842CB
:1074C00000D103E00E4DA84204D100BF056A25F0AB
:1074D00004050562816921F0F00141EA041122F0FE
:1074E0000A021A438161026230BD0000002C014093
:1074F0000034014000400140004401400048014088
:107500000050014030B50B461446026A056A25F06A
:1075100010050562134DA84200D113E0124DA84298
:1075200000D10FE0114DA84200D100BF104DA8427C
:1075300000D100BF0F4DA84200D100BF0E4DA842A0
:1075400004D100BF056A25F040050562816921F478
:10755000704141EA043122F0A00242EA0312816143
:10756000026230BD002C0140003401400040014067
:1075700000440140004801400050014070B5456E94
:107580002DB90125A0F86A50A0F868501CE0082326
:1075900008240568AD68C5F342610568AD686A0FE7
:1075A0000A4DAD5C15FB04F5094EB65C95FBF6F58E
:1075B000A0F86A50054D6D5C15FB03F5044E765C32
:1075C00095FBF6F5A0F8685070BD000010B20008F9
:1075D00018B2000890F8281001F00801082907D116
:1075E0000168496821F40041826B114302685160CF
:1075F00090F8281001F0010139B10168496821F4BF
:107600000031C26A11430268516090F8281001F0FD
:107610000201022907D10168496821F48031026B17
:1076200011430268516090F8281001F00401042908
:1076300007D10168496821F48021426B1143026837
:10764000516090F8281001F01001102907D101684D
:10765000896821F48051C26B11430268916090F8EF
:10766000281001F02001202907D10168896821F440
:107670000051026C11430268916090F8281001F0EB
:107680004001402913D10168496821F48011426CFE
:10769000114302685160416CB1F5801F07D1016848
:1076A000496821F4C001826C11430268516090F86E
:1076B000281001F08001802907D10168496821F470
:1076C0000021C26C114302685160704738B504460E
:1076D0000020C4F89000FBF7B1FB05462068006865
:1076E00000F00800082821D16FF07E402B460022D0
:1076F0004FF400110090204600F078FAB0B100BFBE
:1077000000BF216851E8001F21F08000226842E894
:1077100000010029F5D100BF2020C4F8880000BF77
:10772000002084F8840000BF032038BD2068006872
:1077300000F00400042830D16FF07E402B46002278
:107740004FF480010090204600F050FA28B300BFAB
:1077500000BF216851E8001F21F49070226842E8C0
:1077600000010029F5D100BF00BF00BF216808312A
:1077700051E8001F21F001002168083141E80002B2
:10778000002AF3D100BF2020C4F88C0000BF0020E5
:1077900084F8840000BF0320C7E72020C4F88800D5
:1077A000C4F88C000020E066206700BF84F88400E5
:1077B00000BF00BFB9E7000000BF00BF026852E889
:1077C000002F22F49071036843E80012002AF5D1DB
:1077D00000BF00BF00BF0268083252E8002F104B04
:1077E00002EA03010268083242E80013002BF2D1DA
:1077F00000BFC16E01290CD100BF00BF026852E872
:10780000002F22F01001036843E80012002AF5D18E
:1078100000BF2021C0F88C100021C166416770476D
:10782000FEFFFFEF2DE9FE4F044600200290E449E1
:107830002068884200D100E000BF2169A0680843A9
:1078400061690843E16940EA010820680068DD4990
:10785000084040EA0800216808602068406820F479
:107860004050E168084321684860D4F81880D44942
:107870002068884202D0206A40EA080820688068B0
:10788000D149084040EA0800216888602068C06A41
:1078900020F00F00616A08432168C86200BFCB492D
:1078A0002068884216D1CA48006800F0030030B151
:1078B000012808D0022804D0032808D105E00125BA
:1078C00007E0022505E0042503E0082501E0102576
:1078D00000BF8DE0BF492068884216D1BC480068CF
:1078E00000F00C0030B1042808D0082804D00C287F
:1078F00008D105E0002507E0022505E0042503E0A6
:10790000082501E0102500BF72E0B34920688842D5
:1079100016D1AF48006800F0300030B1102808D010
:10792000202804D0302808D105E0002507E00225F2
:1079300005E0042503E0082501E0102500BF57E01D
:10794000A6492068884216D1A148006800F0C0000E
:1079500030B1402808D0802804D0C02808D105E0E4
:10796000002507E0022505E0042503E0082501E0E5
:10797000102500BF3CE09A492068884219D19448FC
:10798000006800F4407048B1B0F5807F0AD0B0F5CF
:10799000007F05D0B0F5407F08D105E0002507E065
:1079A000022505E0042503E0082501E0102500BFBD
:1079B0001EE083492068884219D18548006800F498
:1079C000406048B1B0F5806F0AD0B0F5006F05D0C7
:1079D000B0F5406F08D105E0002507E0022505E07D
:1079E000042503E0082501E0102500BF00E0102574
:1079F00000BF7349206888425BD135B1022D08D0A1
:107A0000042D08D0082D0DD109E0FCF7CFF906466A
:107A10000CE0744E0AE0FCF7EDF9064606E04FF480
:107A2000004603E000260120029000BF00BF002EA8
:107A300010D06D49606A31F81000B6FBF0F960684B
:107A400000EB4000484503D860680003484502D277
:107A500001200290A8E06449606A31F810C06246D3
:107A6000002330461946F8F7D5FB4FF4807C0022FE
:107A7000A0FB0C3B01FB0CB100FB02106168490844
:107A800059185041CDE90010D4F804C062460023D3
:107A900008460199F8F7BEFB0746B7F5407F05D3C6
:107AA000B7F5801F02D22068C7607DE001200290F8
:107AB0007AE0E069B0F5004F3FD1092D17D2DFE839
:107AC00005F005090D160F1616161300FCF76EF9D2
:107AD000064610E0FCF77CF906460CE0414E0AE051
:107AE000FCF788F9064606E04FF4004603E000265E
:107AF0000120029000BF00BF86B33B49606A31F8A5
:107B00001000B6FBF0F04000616800EB5100B0FBE4
:107B1000F1F7102F0ED3B7F5803F0BD24FF6F07070
:107B200007EA000AC7F342004AEA000A2068C0F8E0
:107B30000CA039E00120029036E0092D18D2DFE8D0
:107B400005F005090E17101717171400FCF72EF98A
:107B5000064611E0FCF73CF906460DE024E0214E14
:107B60000AE0FCF747F9064606E04FF4004603E05A
:107B700000260120029000BF00BFAEB11A49606A22
:107B800031F81000B6FBF0F0616800EB5100B0FB7B
:107B9000F1F7102F06D3B7F5803F03D2B8B22168B2
:107BA000C86001E0012002900120A4F86A00A4F856
:107BB000680000206067A0670298BDE8FE8F0000A3
:107BC00000800040F369FFCFFFF4FF11003801404F
:107BD000881002400044004000480040004C004033
:107BE000005000400024F400F8B100082DE9F041F5
:107BF00004460D4617469846069E41E0701C002834
:107C00003ED0FBF71BF9A0EB0800B04200D816B934
:107C10000320BDE8F0812068006800F0040070B324
:107C2000802D2DD0402D2BD02068C069C0F3C0001E
:107C300078B10820216808622046FFF7BDFD0820C2
:107C4000C4F8900000BF002084F8840000BF012029
:107C5000DFE72068C069C0F3C02080B14FF4006046
:107C6000216808622046FFF7A7FD2020C4F8900095
:107C700000BF002084F8840000BF0320C9E7FFE7AD
:107C80002068C0692840A84201D1012000E00020FE
:107C9000B842B3D00020BCE700BFFEE741000802B5
:107CA00018BF04200A0E18BF40F001004FF07F42B9
:107CB00032EA010108BF40F00200012808BF052098
:107CC0007047000002480068C0F3022070470000BF
:107CD0000CED00E010B5002804DB0A07130E054A7E
:107CE000135406E00A07140E034A00F00F031B1F8B
:107CF000D45410BD00E400E018ED00E070B54FF082
:107D000068422DED048BF0EE408A18EE900AB0EE3A
:107D1000608A18EE101A02EB4003B3F1654F3CBFC6
:107D200002EB4102B2F1654F7DD200BFC0F3C753F1
:107D3000C1F3C7529A1A1B2A09DD10F0004F14BF75
:107D40009FED830A9FED830ABDEC048B70BD12F199
:107D50001A0F36DA11F0004F09D010F0004F0CBFA7
:107D60009FED7D0A9FED7D0ABDEC048B70BD88EE12
:107D7000889A19EE100AFFF791FF042808BF00F057
:107D80003BFA18EE900AFFF789FF054618EE100A35
:107D9000FFF784FF044619EE100AFFF77FFF042D5A
:107DA00018BF052D08D1042C18BF052C04D10028BC
:107DB00004BF022000F038FAB0EE490ABDEC048B93
:107DC00070BD4200B2EB410F3AD910F0004F19BF1D
:107DD000DFED630A9FED630ADFED630A9FED630A3F
:107DE000B0EE481A0A46B1EE688A80F00041F0EE23
:107DF000418A10460A1A5200B2F1807F34D24840BC
:107E000010F0004FDFED5A1A9FED5A2A1DBFBEEE4B
:107E1000001A70EEE10A30EE420AB6EE001A08BF10
:107E200070EEA10A00E040E008BF30EE020AB0EEBA
:107E3000682A01EE482A08EE818AC2EE081A15E087
:107E400011F0004F04BF9FED4C0AF0EE400AD1D074
:107E500010F0004F19BFDFED490A9FED490ADFED31
:107E6000490A9FED490AC5E7C8EE881A21EEA11A12
:107E70009FED462ADFED462A41EE022A9FED452A74
:107E800001EE222ADFED442A41EE022A9FED432A29
:107E9000BDEC048B01EE222A21EE811A01EE020ACA
:107EA00030EE210A30EE200A70BD4FF07F42B2EB77
:107EB000400F28BFB2EB410F09D2F0EE480AB0EEF6
:107EC000680ABDEC048BBDE8704000F089B940EA57
:107ED00001035B0008BF41F0FF410BD0B2EB400F44
:107EE00008BFB2EB410F08D120F0804008EE900AA5
:107EF00021F0804108EE101A18E7B2EB400F12BFD4
:107F00005FEA410340F0FF4001F000413FF40EAF53
:107F1000B2EB410F12BF5FEA400200F0004041F0B7
:107F2000FF413FF403AF4A0092EA40033FF5FEAE43
:107F3000002AACBF9FED1A0A9FED1A0A68EE808AEC
:107F400028EE008A18EE900A18EE101AEEE60000ED
:107F5000DB0FC9BFDB0FC93FDB0F4940DB0F49C057
:107F60000000C9BF22AAFDB90000C93F22AAFD39FD
:107F70000060ED3EC30ACE3700000000000049C09B
:107F800022AA7DBA0000494022AA7D3A2DAD65BDE6
:107F90008FB8D53D0FB511BE61C84C3EA8AAAABE88
:107FA0000000804F0000802F2DED020B019820F083
:107FB000004001909DED000B02B0704710B52DED13
:107FC000028BB0EE608AF0EE408A18EE101A18EEBE
:107FD000900AF8F729FC00F07040B0F1005F0CD077
:107FE00018EE100A20F00040C0F1FF40C00F02BFA1
:107FF000B0EE480ABDEC028B10BDB0EE680ABDECD5
:10800000028B10BD10B52DED028BB0EE608AF0EE44
:10801000408A18EE101A18EE900AF8F705FC00F0E6
:108020007040B0F1004F0CD018EE100A20F0004064
:10803000C0F1FF40C00F02BFB0EE480ABDEC028B9A
:1080400010BDB0EE680ABDEC028B10BD10B52DED71
:10805000028BF0EE408A18EE900AB0EE608A20F0B3
:108060000040C0F1FF40C00F07D118EE100A20F009
:108070000040C0F1FF40C00F2BD018EE101A18EED0
:10808000900AF8F707FB00EE100A10EE100A6FEAEC
:10809000D05010F0FF0F04BFBDEC028B10BD18EEE6
:1080A000900A00F0004110EE100A00F000408142FA
:1080B00004BFBDEC028B10BD18EE101A10EE100AB2
:1080C000BDEC028B61F31E0000EE900A30EE600AF8
:1080D00010BD18EE900A4FF07F41B1EB400F1CBF6E
:1080E00018EE100A5FEA4000C7D1012000F09CF8AA
:1080F000BDEC028BBDE8104000F076B80000000037
:1081000010B52DED020B2DED088B84B09DED0C0B01
:1081100051EC100BF8F744FB41EC180B9DED0C0BE8
:1081200053EC182B51EC100BF8F76AF941EC190BD2
:108130000D989FED290B10F0004F53EC102B51ECD4
:10814000190B9FED21AB9FED22BB0ED0F8F70AFA79
:108150000ED953EC1B2B51EC190BF8F71BFA1CD260
:1081600014E000BF41EC180B17E0F8F7FBF906D25A
:1081700053EC1A2B51EC180BF8F742F9F2E753ECD9
:108180001B2B51EC190BF8F705FA06D853EC1A2BF8
:1081900051EC180BF8F793F8E4E78DED028B9DEDA9
:1081A0000C0B18EE901A10EE900A8DED000B61F397
:1081B0001E0003909DED020B04B0BDEC088B02B0D5
:1081C00010BD000000000000000000000000F03FB3
:1081D000000000000000E03F000000000000E0BFE1
:1081E00030EE200A70470000DFED020A80EEA00AA0
:1081F00070470000000000009FED020A20EE000A18
:10820000704700000000001002E008C8121F08C1FB
:10821000002AFAD170477047002001E001C1121F07
:10822000002AFBD170470000014908607047000038
:10823000D000002010B5044634B9C82303226C21B5
:108240000748FAF7F1FE10BD012C06D1C82303221E
:108250006C210448FAF7E8FEF5E70120F3E7000097
:10826000AC0100200002002010B50446002000F000
:1082700009F884ED000A012000F004F884ED010AF9
:1082800010BD000010B52DED028B0446204600F015
:1082900019F800EE100AB8EE400AB0EE408AB0EECF
:1082A000000A28EE000ADFED050A60EE200A9FEDC5
:1082B000041A80EE810ABDEC028B10BDDB0F494031
:1082C000000080457FB5044664B9C820022103AA96
:1082D0000123CDE9002102900C226C210E48FAF70F
:1082E00051FF0DE0012C0BD1C820022103AA01236C
:1082F000CDE9002102900C226C210848FAF742FFD8
:108300009DF80D009DF80C1001F00F0140EA0125C9
:10831000284604B070BD0000AC010020000200201F
:1083200070B500241D481E49C8611E48086200201F
:1083300048701D48486201208870002504E0681CD0
:10834000C5B26420FAF736FA154800F09BF8041E0F
:1083500001D00A2DF3DB15490C700CB1012070BD62
:1083600009210F48417105218171092141730321C0
:1083700081730221C171C17300F020FA11200849F4
:1083800008711520087300F0B1F8054800F0BBF93A
:108390000CB10120E3E70020E1E700005985000867
:1083A00094080020C1850008B52700084800002077
:1083B0002DE9F04105460F4616461C464FF00008D1
:1083C0000CB1E06910B94FF0FF3810E016B96FF04A
:1083D0000B080CE0A078012801D145F080056078F9
:1083E00033463A462946D4F81CC0E047804640460A
:1083F000BDE8F0812DE9F05F80460D4614461E462B
:108400004FF00009CB4608F007074FEA970A07F03C
:108410000307BAF1000F01D04FF0030B6EB3012F29
:1084200004D0022F0DD0032F23D115E015B94FF042
:10843000FF3905E032462946584601F02AF98146BF
:108440001AE014B94FF0FF3905E03246214658468C
:1084500001F041FA81460FE004B115B94FF0FF3940
:1084600006E0334622462946584601F083F9814604
:1084700002E06FF0040900BF01E04FF0FF39484609
:10848000BDE8F09FF8B504460326204602F016F832
:1084900005464DB9A078012806D123460122694638
:1084A0007F20FFF785FF0546F5B90020207006E024
:1084B0002346012221460020FFF77AFF0546301EA1
:1084C000A6F10101CEB202D02078D128F0D14DB969
:1084D0002078D12806D1FF20E070204600F08CF9EA
:1084E000054601E06FF002052846F8BD10B51848B2
:1084F000408820F00100401C15494880084640880B
:1085000020F0020048800846408820F00400001D4A
:1085100048800846408820F0080008304880084617
:10852000408820F4F07048800846408820F0100011
:108530004880012008700A2048700649044800F06D
:108540007FF804460CB1012010BD0020FCE70000BC
:10855000C008002094080020FEB507460C461546CA
:108560001E4644F080000290FF20019000BF0022D0
:108570004FF480511048FAF75BFC00BF64230122DE
:1085800002A90E48FCF734F808E064202A466D1C66
:10859000012301A900900948FCF727F9301EA6F134
:1085A00001018EB2F1D100BF012211030248FAF796
:1085B0003FFC00BF0020FEBD00040048B8020020C0
:1085C000F8B507460C4615461E4604F07F0000909D
:1085D00000BF00224FF480511748FAF729FC00BF72
:1085E0006423012269461548FCF702F848B100BF30
:1085F000012211031048FAF71BFC00BF4FF0FF30B7
:10860000F8BD6423324629460C48FBF7F1FF48B118
:1086100000BF012211030848FAF70AFC00BF4FF01F
:10862000FF30EDE700BF012211030348FAF700FC19
:1086300000BF0020E4E7000000040048B80200206A
:1086400070B504460D46002660780E2857D2DFE844
:1086500000F0070D20191A262C3832133E444A50D8
:108660002946204602F09CF8064649E02946204665
:1086700002F0ECF9064643E02946204602F076F97E
:1086800006463DE000BF2946204602F026FA06468F
:1086900036E02946204602F0F7F9064630E0294642
:1086A000204602F081F906462AE02946204602F0DB
:1086B000B8F8064624E02946204602F028F9064686
:1086C0001EE02946204602F0F3F8064618E0294647
:1086D000204602F0CFF8064612E02946204602F076
:1086E00021FA06460CE02946204602F038FA0646F2
:1086F00006E02946204602F0A1FA064600E000BF47
:1087000000BF304670BD70B5044600250CB1606AEC
:1087100010B94FF0FF3508E0204602F06EF905462B
:108720001DB9204602F05BFA0546284670BD2DE9CA
:10873000F04705460F4616461C464FF00009C8464E
:108740000CB1206A10B94FF0FF3934E016B96FF060
:108750000B0930E0A078012801D105F07F05207ACF
:10876000112802D0207C15280BD1607833463A4678
:108770002946D4F820C0E04781460120616A884735
:1087800014E011E007EB0802607801232946D4F8D1
:1087900020C0E0478146681CC5B20120616A884755
:1087A00008F1010000F0FF08B045EBDBB9F1000F64
:1087B00001D06FF001094846BDE8F08770B5054665
:1087C00000240DB1686A10B94FF0FF3412E028465A
:1087D00002F004F804466CB9284602F0DDF90446BC
:1087E00044B92846FFF78FFF04461CB9284600F01D
:1087F00064F80446204670BD38B50446B6200090A3
:108800000CB1606A10B94FF0FF3518E02346012221
:1088100069467E20FFF78BFF05460120616A884785
:108820004DB9A078012806D12346012269467F2050
:10883000FFF7BEFD054615B9204600F0FDFC2846B1
:1088400038BD70B505460E46334602222946402003
:10885000FFF7AEFD044684B93146284601F0F3FE29
:10886000044654B93146284601F0D4FE044624B9E2
:108870003146681C01F0FFFE0446204670BD70B50D
:1088800005460E463346022229464220FFF790FD58
:10889000044684B93146284601F01AFF044654B90B
:1088A0003146284601F0FFFE044624B93146681CD3
:1088B00001F026FF0446204670BD38B5044600206E
:1088C00000902346012269460220FFF771FD05460C
:1088D0009DF80000401000909DF8000000F00F008F
:1088E00000909DF80000012801D1C51F13E09DF8FC
:1088F0000000022802D16FF006050CE09DF8000090
:10890000032802D16FF0070505E09DF80000072855
:1089100001D16FF00805284638BD2DE9FC41044619
:108920000D4600200190804600902B46012201A9AF
:108930005F20FFF73DFD0646B6B92078C0F301176A
:108940009DF8040020F00308CDF804809DF8040091
:108950008DF8000060788DF801002B4602226946F0
:108960005F20FFF7E4FE06463046BDE8FC812DE9B6
:10897000F04107460E4615462946384602F05EF994
:108980000446ACB9284600F06CFC044684B929467C
:10899000384601F0D7FC044654B92946304600F069
:1089A0000AF8044624B929463046FFF7B6FF0446C4
:1089B0002046BDE8F081F8B504460D460020009041
:1089C00000272B46012269465920FFF7F1FC064695
:1089D00096B99DF8000020F080072078C0F3801041
:1089E000802101EAC010384300902B4601226946DD
:1089F0005920FFF79CFE06463046F8BD2DE9F843A6
:108A000005460F4600240026002000903B46022227
:108A100069466720FFF7CCFC8046B8F1000F26D1ED
:108A20009DF8004024F03F06287800F03F0040EA1F
:108A300006048DF800409DF8014024F03006288897
:108A4000C0F34120302101EA001040EA060424F07E
:108A500007062888C0F3821040EA06048DF801401A
:108A60003B46022269466720FFF761FE804640468A
:108A7000BDE8F883F8B504460D46002000900027B5
:108A80002B46012269465820FFF792FC064696B90C
:108A90009DF8000020F080072078C0F3401080216E
:108AA00001EAC010384300902B4601226946582045
:108AB000FFF73DFE06463046F8BDF8B504460D46C4
:108AC0000027002000902B46012269465C20FFF71A
:108AD0006FFC0646CEB99DF8000020F0C007207854
:108AE000C0F3C100C02101EA801038438DF80000B6
:108AF000A0788DF8010060788DF802002B460322E3
:108B000069465C20FFF713FE06463046F8BD2DE9A6
:108B1000F84304460F460025002000903B46012202
:108B200069465420FFF744FC8046B8F1000F2DD170
:108B3000A61C207801280CD19DF8000020F010051B
:108B40003078C0F30010102101EA00102843009093
:108B50000BE09DF8000020F020053078C0F30010F5
:108B6000202101EA4010284300909DF8000020F0E9
:108B70000F053088C0F34310284300903B46012284
:108B800069465420FFF7D3FD804600BF4046BDE84C
:108B9000F8832DE9F84306460F4600240020009094
:108BA0003B46012269465320FFF702FC8046B8F19C
:108BB000000F65D1B51C307801282BD19DF800003D
:108BC00020F008042888082101EAC0002043009012
:108BD0009DF8000020F004042878C0F34000042130
:108BE00001EA8000204300909DF8000020F002047C
:108BF0002878C0F38000022101EA40002043009061
:108C00009DF8000020F001042878C0F3C000204344
:108C100000902DE09DF8000020F08004288880213D
:108C200001EAC010204300909DF8000020F04004AD
:108C30002878C0F34000402101EA801020430090D2
:108C40009DF8000020F020042878C0F38000202147
:108C500001EA4010204300909DF8000020F010042D
:108C60002878C0F3C000102101EA001020430090D2
:108C70003B46012269465320FFF759FD804600BF5D
:108C80004046BDE8F883F8B504460D460020009044
:108C900000272B46012269465820FFF789FB06462C
:108CA00096B99DF8000020F08007A078C0F3C000BE
:108CB000802101EAC010384300902B46012269460A
:108CC0005820FFF734FD06463046F8BDF8B5044697
:108CD0000D460027002000902B4601220DF10201D5
:108CE0005C20FFF765FB06461EBB9DF8020020F0E6
:108CF0000307A07800F0030038438DF802009DF8C8
:108D0000020020F00407A078C0F38000042101EAEB
:108D1000800038438DF8020060788DF801002078DB
:108D20008DF800002B46032269465A20FFF7FFFC0E
:108D300006463046F8BDF8B504460D4600200090C2
:108D400000272B46012269465920FFF731FB0646D2
:108D500096B99DF8000020F080072088C0F380209D
:108D6000802101EAC010384300902B460122694659
:108D70005920FFF7DCFC06463046F8BD2DE9FC47DC
:108D800004460E46002001900027804600904FF0D8
:108D90005F093346012201A94846FFF709FB054652
:108DA000BDBB9DF8040020F0FC072088C0F3C5007F
:108DB000FC2101EA8000384301903346012201A9D9
:108DC0004846FFF7B4FC05461DBB4FF06209334629
:108DD000012201A94846FFF7EBFA0546CDB99DF8F7
:108DE000040020F001072088C0F3402847EA08006B
:108DF00001909DF804008DF80100A0788DF8000026
:108E00004FF061093346022269464846FFF78FFC5E
:108E100005462846BDE8FC872DE9F04107460D468A
:108E200016463146384601F009FF044684B93146FA
:108E3000384601F087FA044654B931462846FFF710
:108E40007AFF044624B931462846FFF797FF0446C7
:108E50002046BDE8F0812DE9F84305460F46002481
:108E60000026002000903B46022269466520FFF75D
:108E70009FFA8046B8F1000F43D19DF8004024F0DE
:108E80000306287800F0030040EA060424F00C06EC
:108E90002878C0F381000C2101EA800040EA060432
:108EA00024F0F0062878C0F30310F02101EA001046
:108EB00040EA06048DF800409DF8014024F03F068A
:108EC0002888C0F3052040EA060424F040062888DC
:108ED000C0F38030402101EA801040EA060424F00B
:108EE00080062888C00B802101EAC01040EA0604F1
:108EF0008DF801403B46022269466520FFF717FCCA
:108F000080464046BDE8F883F8B504460F46002683
:108F1000607800903B46012269466020FFF707FC1D
:108F2000054685BB3B46012269466220FFF740FAB1
:108F3000054645BB9DF8000020F00C0620780C216A
:108F400001EA8000304300909DF8000020F03006D8
:108F50002078C0F38100302101EA001030430090F6
:108F60009DF8000020F002062078C0F34010022196
:108F700001EA4000304300903B46012269466220EE
:108F8000FFF7D5FB05462846F8BDF8B504460D4663
:108F90000020009000272B46012269465920FFF748
:108FA00007FA064696B99DF8000020F08007207861
:108FB000C0F30010802101EAC010384300902B4616
:108FC000012269465920FFF7B2FB06463046F8BD3C
:108FD0002DE9F04107460D4616463146384601F068
:108FE0002DFE044684B93146384601F0ABF90446FB
:108FF00054B931462846FFF7C8FF044624B9314624
:109000002846FFF781FF04462046BDE8F081F8B509
:1090100004460F460026002000902078C0F38110FF
:1090200030B915208DF8000003208DF8010045E0CF
:109030002078C0F38110012806D12D208DF8000082
:1090400000208DF8010039E02078C0F3811002285B
:1090500006D11D208DF8000007208DF801002DE0BD
:109060002078C0F38110032828D13B4602226946AC
:109070007A20FFF79DF9054605BB9DF8000020F01A
:1090800018062078C0F34100182101EAC0003043DF
:109090008DF800009DF8000020F007062078C0F34E
:1090A000C20030438DF800009DF8010020F0070653
:1090B0002088C0F3022030438DF801003B46022295
:1090C00069467A20FFF733FB05462846F8BDF8B518
:1090D00004460D460020009000272B4601226946D9
:1090E0005820FFF765F9064696B99DF8000020F074
:1090F00008072088C0F38020082101EAC000384317
:1091000000902B46012269465820FFF710FB0646C7
:109110003046F8BD2DE9F04107460D46164631466A
:10912000384601F08BFD04468CB93146384601F0D3
:1091300009F904465CB931462846FFF7C8FF0446E2
:109140002CB932462946384600F004F80446204639
:10915000BDE8F0812DE9F74F84B082460D46002727
:109160000024002002900026022202A96320069B10
:10917000FFF71EF90390039800283BD102A8845DF5
:109180009AF80100032806D12888C0F3C21824F0F9
:10919000070748EA07042878C0F3401B24F040077B
:1091A000402000EA8B1040EA07042878C0F38010C2
:1091B000019024F080078021019801EAC01040EA64
:1091C00007043046711CCEB202A90C5402A8845D7B
:1091D000287800F01F0924F01F0749EA07043046E9
:1091E000711CCEB202A90C5432466320069BFFF7D5
:1091F0009EFA0390039807B0BDE8F08FF0EE001AD6
:1092000080EEA11AB4EEC01AF1EE10FA04D230EEDC
:10921000601AB0EE410A0EE0B0EE001AC0EE811AFC
:10922000B1EE611AB4EEC01AF1EE10FA03DD30EEC1
:10923000201AB0EE410A70470222C2710822427120
:1092400010210171032282710222C273082242732B
:10925000142101730022827341688160C168016139
:109260007047F8B5044600200090002623460122EE
:1092700069466220FFF79CF8054685B99DF8000015
:1092800000F002065EB19DF8000020F00206009694
:109290002346012269466220FFF749FA054628461F
:1092A000F8BDF8B504460D460020009000262B4678
:1092B000012269465020FFF77BF80746AFBB2078B4
:1092C00000F0010018B39DF8000020F0010620789E
:1092D000C0F34000304300909DF8000020F00206EB
:1092E0002078C0F38000022101EA40003043009062
:1092F0009DF8000020F004062078C0F3C00004218F
:1093000001EA8000304300900020E87006E09DF8FC
:10931000000020F007000090FF20E8702B4601229B
:1093200069465020FFF703FA07463846F8BDF8B5FE
:109330000446002000900026234601226946512061
:10934000FFF736F805466DB99DF8000020F01006CD
:1093500046F0100000902346012269465120FFF795
:10936000E6F905462846F8BDF8B504460D46002046
:1093700000902B46012269465120FFF719F8064656
:1093800066B9207A9DF8001060F3451100912B46D4
:10939000012269465120FFF7CAF906463046F8BD5A
:1093A000F8B504460D46002000902B460122694680
:1093B0005120FEF7FDFF06466EB9207A41089DF860
:1093C000000061F3861000902B460122694651206F
:1093D000FFF7ADF906463046F8BDF8B504460D4630
:1093E0000020009000272B46012269465020FEF7FE
:1093F000DFFF064696B99DF8000020F08007208820
:10940000C0F3C020802101EAC010384300902B46F1
:10941000012269465020FFF78AF906463046F8BD1A
:10942000F8B504460E460020009000253346012280
:1094300069465120FEF7BCFF07463FBB9DF8000080
:1094400020F00105207800F00100284300909DF8ED
:10945000000020F002052078C0F34000022101EA5C
:109460004000284300909DF8000020F0040520787B
:10947000C0F38000042101EA8000284300903346B5
:10948000012269465120FFF752F907463846F8BDD8
:10949000F8B504460D460020009000272B46012217
:1094A00069465120FEF784FF064696B99DF80000F4
:1094B00020F00807A078C0F30010082101EAC000DE
:1094C000384300902B46012269465120FFF72FF9BF
:1094D00006463046F8BDF8B504460E46002000901A
:1094E00000253346012269465220FEF761FF0746F8
:1094F0003FBB207800F0010030B19DF8000020F063
:10950000010545F0010000902078C0F3400030B123
:109510009DF8000020F0020545F002000090207840
:10952000C0F3800030B19DF8000020F0040545F044
:10953000040000903346012269465220FFF7F7F8F5
:1095400007463846F8BDF8B504460D4600200090A1
:1095500000272B46012269465020FEF729FF0646C8
:1095600086B99DF8000020F04007A078402101EA6C
:109570008010384300902B46012269465020FFF7A7
:10958000D6F806463046F8BDF8B505460C4600202C
:10959000009000272346012269465020FEF708FF6D
:1095A0000646DEB92878C0F3401048B19DF80000A7
:1095B00020F0070747F0070000900120E07006E068
:1095C0009DF8000020F007000090FF20E070234687
:1095D000012269465020FFF7AAF806463046F8BD3A
:1095E000F8B504460D460020009000272B460122C6
:1095F00069465220FEF7DCFE064686B99DF800005B
:1096000020F008072088082101EAC00038430090B4
:109610002B46012269465220FFF789F8064630465C
:10962000F8BD2DE9F84305460C461646002000908B
:1096300080463346012269465020FEF7B9FE0746B0
:1096400027BB687804280DD19DF8000020F0200881
:109650002088C0F3C020202101EA401040EA080021
:1096600000900CE09DF8000020F010082088C0F366
:10967000C020102101EA001040EA080000903346A3
:10968000012269465020FFF752F807463846BDE8E8
:10969000F8832DE9F04F87B006460D469246002428
:1096A0000020049005900690039002900190B21D56
:1096B000534604A91220FEF77BFE8346BBF1000F40
:1096C00052D12046611CCCB204A90F5C2046611C1B
:1096D000CCB204A911F8008047EA08200FFA80F9FB
:1096E000A5F800902046611CCCB204A90F5C20466E
:1096F000611CCCB204A911F8008047EA08200FFAD7
:1097000080F9A5F802902046611CCCB204A90F5C38
:109710002046611CCCB204A911F8008047EA082059
:109720000FFA80F9A5F80490032E1AD12046611C87
:10973000CCB204A9085C03902046611CCCB204A9F9
:10974000085C000202902046611CCCB204A9085CAF
:1097500000040190DDE90101084303990843A86072
:1097600004E00020A86001E06FF0010B584607B04C
:10977000BDE8F08F2DE9FF4F87B082460D461646B3
:1097800000240020029003900490059001908346ED
:1097900000900AF10C0202A90C200A9BFEF708FEB9
:1097A0000690069800287DD12046611CCCB202A903
:1097B0000F5C2046611CCCB202A911F8008047EA78
:1097C00008200FFA80F9A6F800902046611CCCB260
:1097D00002A90F5C2046611CCCB202A911F80080DE
:1097E00047EA08200FFA80F9A6F802902046611C8B
:1097F000CCB202A90F5C2046611CCCB202A911F8C0
:10980000008047EA08200FFA80F9A6F80490204665
:10981000611CCCB202A90F5C2046611CCCB202A92B
:1098200011F8008047EA08200FFA80F9A5F80090A7
:109830002046611CCCB202A90F5C2046611CCCB250
:1098400002A911F8008047EA08200FFA80F9A5F86C
:1098500002902046611CCCB202A90F5C2046611C1C
:10986000CCB202A911F8008047EA08200FFA80F96B
:10987000A5F80490BAF1030F22D12046611CCCB2A6
:1098800002A9085C01902046611CCCB202A9085CC8
:109890004FEA002B2046611CCCB202A9085C0004F0
:1098A000009000E010E0009840EA0B0001990843A6
:1098B000A860009840EA0B0001990843B06006E0F8
:1098C0000020A860B06002E06FF0010006900698EA
:1098D0000BB0BDE8F08F2DE9F04F87B082460D4602
:1098E0009346002400200390049005900690029077
:1098F00001900090BAF1000F3FD15B46062203A908
:109900000C20FEF755FD8146B9F1000F32D12046FB
:10991000611CCCB203A90E5C2046611CCCB203A929
:109920000F5C46EA07200FFA80F8A5F80080204671
:10993000611CCCB203A90E5C2046611CCCB203A909
:109940000F5C46EA07200FFA80F8A5F8028020464F
:10995000611CCCB203A90E5C2046611CCCB203A9E9
:109960000F5C46EA07200FFA80F8A5F80480002073
:10997000A8605CE06FF0010959E00AF10C025B4657
:1099800003A90C20FEF714FD8146B9F1000F4CD15C
:109990002046611CCCB203A90E5C2046611CCCB2EF
:1099A00003A90F5C46EA07200FFA80F8A5F80080AB
:1099B0002046611CCCB203A90E5C2046611CCCB2CF
:1099C00003A90F5C46EA07200FFA80F8A5F8028089
:1099D0002046611CCCB203A90E5C2046611CCCB2AF
:1099E00003A90F5C46EA07200FFA80F8A5F8048067
:1099F000A01DC4B22046611CCCB203A9085C029031
:109A00002046611CCCB203A9085C000201902046EC
:109A1000611CCCB203A9085C00040090DDE90001E0
:109A2000084302990843A86001E06FF00109484625
:109A300007B0BDE8F08F000070B54FF4004110484A
:109A4000F9F7EEF905460F480078A84205D00D4811
:109A50000570012D01D1012070BD4FF480514FF0F0
:109A60009040F9F7DDF9044607480078A04205D098
:109A700005480470012C01D10220EDE70020EBE73E
:109A800000080048CC000020CD000020F0EE401A75
:109A900021EE210AB7EE002A32EE412A00EE820AB8
:109AA0007047000010B52DED048BF0EE408A1F4882
:109AB00090ED000A38EEC00AB0EE408A1C48D0EDA6
:109AC000050AB0EE600ADFED1B0AFEF79BFAB0EE66
:109AD000409ADFED190AFEF771FA154880ED050A84
:109AE000B0EE480A90ED011AD0ED031A21EE211ACA
:109AF000D0ED001A01EE801AD0ED021A90ED042A82
:109B000001EE821AD0ED051A31EE211AF0EE410A6B
:109B100090ED031A80ED041A80ED030AC0ED050AEA
:109B200000BFB0EE600ABDEC048B10BD68000020E1
:109B3000FC0800206666663F666666BF10B52DEDC0
:109B4000048BF0EE408A1F4890ED000A38EEC00A00
:109B5000B0EE408A1C48D0ED050AB0EE600ADFED99
:109B60001B0AFEF74FFAB0EE409ADFED190AFEF736
:109B700025FA154880ED050AB0EE480A90ED011A65
:109B8000D0ED031A21EE211AD0ED001A01EE801A51
:109B9000D0ED021A90ED042A01EE821AD0ED051ADA
:109BA00031EE211AF0EE410A90ED031A80ED041A0D
:109BB00080ED030AC0ED050A00BFB0EE600ABDECFF
:109BC000048B10BD6C000020200900206666663FF3
:109BD000666666BF10B52DED068BF0EE408AB0EEDE
:109BE000608AB0EE680AFFF75DFFB0EE409AB0EE13
:109BF000480AFFF7A3FFF0EE409A1048D0ED000AA4
:109C00000F4890ED001A70EEC10AB0EE600A01F044
:109C1000D3FAF1EE0C0A20EE200AF0EE40AA01F091
:109C2000CBFAB0EE40AAB0EE4A1AF0EE690AB0EEF6
:109C3000490A00F007F8BDEC068B10BD7800002043
:109C40007C00002000B52DED048B83B0B0EE408A7F
:109C5000F0EE608AB0EE419A9FED110A8DED020A96
:109C60009FED0F0A8DED010A9FED0D0A8DED000AA3
:109C70006A4601A902A8B0EE681AF0EE480AB0EEF2
:109C8000490A00F0F7FF9DED001ADDED010A9DED98
:109C9000020A00F033F803B0BDEC048B00BD0000F5
:109CA0000000000010B52DED068BF0EE40AAB0EEDE
:109CB000608AF0EE418AB0EE619AF0EE429AB0EE20
:109CC00062AA0C48C0ED06AA80ED078AC0ED088A9A
:109CD000094880ED069AC0ED079A80ED08AA002198
:109CE0000448F6F71BFE00210348F6F717FEBDEC0B
:109CF000068B10BDFC08002020090020DFED491A6A
:109D0000B4EEE10AF1EE10FA02D2F0EE401A01E0F0
:109D1000DFED441AF5EEC01AF1EE10FA02D2DFEDD3
:109D2000421A0BE0DFED3F1AB4EEE10AF1EE10FA51
:109D300002D2F0EE401A01E0DFED3A1AB0EE610A0D
:109D4000DFED381AF4EEE10AF1EE10FA02D2F0EE8D
:109D5000601A01E0DFED331AF5EEC01AF1EE10FAE9
:109D600002D2DFED311A0BE0DFED2E1AF4EEE10A3C
:109D7000F1EE10FA02D2F0EE601A01E0DFED291ADE
:109D8000F0EE610ADFED271AB4EEE11AF1EE10FAF7
:109D900002D2F0EE411A01E0DFED221AF5EEC01A10
:109DA000F1EE10FA02D2DFED201A0BE0DFED1D1A02
:109DB000B4EEE11AF1EE10FA02D2F0EE411A01E02F
:109DC000DFED181AB0EE611A72B61848006801EE9D
:109DD000900AF8EE611A61EE801AFCEEE11A11EEBB
:109DE000900A12490C3108601048006801EE900A90
:109DF000F8EE611A61EEA01AFCEEE11A11EE900A7B
:109E0000091D08600948006801EE900AF8EE611A21
:109E100061EE811AFCEEE11A11EE900A091D08604C
:109E200062B670476666663F000000002C2C014059
:109E300010B52DED048BF0EE408A214890ED000A1C
:109E400038EEC00AB0EE408A1E48D0ED050AB0EEEA
:109E5000600ADFED1D0AFEF7D5F8B0EE409ADFED9F
:109E60001B0AFEF7ABF8174880ED050AB0EE480A6A
:109E700090ED011AD0ED031A21EE211AD0ED001A4F
:109E800001EE801AD0ED021A90ED042A01EE821A3A
:109E9000D0ED051A31EE211AF0EE410A90ED031AC9
:109EA00080ED041A80ED030AC0ED050A00BF0848E2
:109EB000C0ED000AB0EE600ABDEC048B10BD0000DE
:109EC00088000020440900206666663F666666BF1B
:109ED000AC00002010B52DED048BF0EE408A1F4839
:109EE00090ED000A38EEC00AB0EE408A1C48D0ED72
:109EF000050AB0EE600ADFED1B0AFEF783F8B0EE4C
:109F0000409ADFED190AFEF759F8154880ED050A69
:109F1000B0EE480A90ED011AD0ED031A21EE211A95
:109F2000D0ED001A01EE801AD0ED021A90ED042A4D
:109F300001EE821AD0ED051A31EE211AF0EE410A37
:109F400090ED031A80ED041A80ED030AC0ED050AB6
:109F500000BFB0EE600ABDEC048B10BD8C00002089
:109F6000680900206666663F666666BF10B52DED1F
:109F7000068BF0EE408AB0EE608AB0EE680AFFF71A
:109F800057FFB0EE409AB0EE480AFFF7A3FFF0EE9D
:109F9000409A1048D0ED000A0F4890ED001A70EE7C
:109FA000C10AB0EE600A01F007F9F1EE0C0A20EEEA
:109FB000200AF0EE40AA01F0FFF8B0EE40AAB0EEA1
:109FC0004A1AF0EE690AB0EE490A00F007F8BDEC53
:109FD000068B10BD980000209C00002000B52DEDE0
:109FE000048B83B0B0EE408AF0EE608AB0EE419A06
:109FF0009FED110A8DED020A9FED0F0A8DED010A0A
:10A000009FED0D0A8DED000A6A4601A902A8B0EE87
:10A01000681AF0EE480AB0EE490A00F02BFE9DEDFA
:10A02000001ADDED010A9DED020A00F033F803B0DD
:10A03000BDEC048B00BD00000000000010B52DED4C
:10A04000068BF0EE40AAB0EE608AF0EE418AB0EEE8
:10A05000619AF0EE429AB0EE62AA0C48C0ED06AAF0
:10A0600080ED078AC0ED088A094880ED069AC0EDA8
:10A07000079A80ED08AA00210448F6F74FFC00215A
:10A080000348F6F74BFCBDEC068B10BD44090020DD
:10A0900068090020DFED491AB4EEE10AF1EE10FA8A
:10A0A00002D2F0EE401A01E0DFED441AF5EEC01ADC
:10A0B000F1EE10FA02D2DFED421A0BE0DFED3F1AAB
:10A0C000B4EEE10AF1EE10FA02D2F0EE401A01E02D
:10A0D000DFED3A1AB0EE610ADFED381AF4EEE10A6C
:10A0E000F1EE10FA02D2F0EE601A01E0DFED331A61
:10A0F000F5EEC01AF1EE10FA02D2DFED311A0BE0E4
:10A10000DFED2E1AF4EEE10AF1EE10FA02D2F0EED3
:10A11000601A01E0DFED291AF0EE610ADFED271A7F
:10A12000B4EEE11AF1EE10FA02D2F0EE411A01E0BB
:10A13000DFED221AF5EEC01AF1EE10FA02D2DFEDD1
:10A14000201A0BE0DFED1D1AB4EEE11AF1EE10FA61
:10A1500002D2F0EE411A01E0DFED181AB0EE611AFA
:10A1600072B61848006801EE900AF8EE611A61EEC6
:10A17000801AFCEEE11A11EE900A124908310860CB
:10A180001048006801EE900AF8EE611A61EEA01A1C
:10A19000FCEEE11A11EE900A091D086009480068FA
:10A1A00001EE900AF8EE611A61EE811AFCEEE11AF6
:10A1B00011EE900A091D086062B670476666663F38
:10A1C000000000002C3401402DED028B82B0F9F725
:10A1D0006FF9FCF76CFEFBF709FFFBF723FEFBF7BB
:10A1E000A5FEFBF7AFFFFBF7DDFFFCF735F8FCF74B
:10A1F0005DF8FCF71DF9FCF7A5F9FCF7E1F8FCF7B1
:10A2000001F800F0C7FE8DE0474890ED000A10EE1F
:10A21000101A0846F6F792F941EC180B06200323B2
:10A220001A46B0EE480AF0EE680A0021009008468F
:10A23000FCF742FB3C4890ED020A10EE101A08466B
:10A24000F6F77CF941EC180B062003231A46B0EE12
:10A25000480AF0EE680A0F2100900020FCF72CFB62
:10A2600032480068F6F76AF941EC180B0620032320
:10A270001A46B0EE480AF0EE680A1E21009000204F
:10A28000FCF71AFB2A480068F6F758F941EC180B5E
:10A29000062003231A46B0EE480AF0EE680A2D2184
:10A2A00000900020FCF708FB22480068F6F746F90A
:10A2B00041EC180B062003231A46B0EE480AF0EED4
:10A2C000680A0F2100904620FCF7F6FAFCF730FCF4
:10A2D000FFF7B2FB0446012C10D1174890ED000A9D
:10A2E000DFED160A30EE200A80ED000A90ED010A3B
:10A2F000DFED130A30EE200A80ED010A022C10D1A6
:10A300000D4890ED000ADFED0D0A30EE600A80ED99
:10A31000000A90ED010ADFED0A0A30EE600A80EDD6
:10A32000010A00BF70E700008C0900206C000020CB
:10A330008C0000203C000020980900200AD7233C14
:10A3400017B751387CB504460E46002001900090A6
:10A350003346032201A95520FEF72AF80546002DB1
:10A3600056D19DF8040061782A4A515C88438DF8E3
:10A3700000009DF806006178515C88438DF802006A
:10A38000207830B101280DD0022818D0032833D10D
:10A3900022E09DF800008DF804009DF802008DF881
:10A3A00006002CE09DF8000061781A4A515C0843D1
:10A3B0008DF804009DF802008DF806001FE09DF85E
:10A3C00002006178134A515C08438DF806009DF83D
:10A3D00000008DF8040012E09DF8000061780D4A3D
:10A3E000515C08438DF804009DF802006178515CCF
:10A3F00008438DF8060002E06FF0030500BF00BFC0
:10A4000035B93346032201A95520FEF790F90546D8
:10A4100028467CBD8FC20008F8B504460F460020D0
:10A42000009000253B46012269465620FDF7C0FFFB
:10A430000646002E3ED160781F49095C9DF8000059
:10A4400020EA010560781C49085C25EA001520789F
:10A4500030B1012806D002280CD003281ED10FE00D
:10A4600000951EE060781449085C000745EA10601A
:10A47000009016E060781049085C2843009010E0D6
:10A4800060780D49085C284300906078085C0007FC
:10A490009DF8001041EA1060009002E06FF00306A2
:10A4A00000BF00BF36B93B46012269465620FEF781
:10A4B0003EF906463046F8BD8FC20008014629B174
:10A4C000CA691AB10A6A0AB14A6A12B94FF0FF3072
:10A4D00000E000207047F0EE401A31EEE00AB0EEE6
:10A4E000402A90ED000A20EE020AD0ED022A01EE89
:10A4F000220A704780ED000AC0ED010A80ED021AC1
:10A5000070470000B0EE401A30EEC10AF0EE401A7B
:10A51000174991ED000A9FED172A01EE820A81ED9D
:10A52000000A91ED000AB2EE042AB4EEC20AF1EE7E
:10A5300010FA03DBB2EE040A81ED000A0C4991ED3A
:10A54000000ABAEE042AB4EEC20AF1EE10FA03D8F9
:10A55000BAEE040A81ED000A90ED000A20EE210A0D
:10A5600090ED012A0249D1ED002A02EE220A70473D
:10A57000C0000020CDCC4C3DB0EE401A30EEC10AF8
:10A58000F0EE401A204991ED000A31EE400AF3EE58
:10A59000042A20EE220AB0EE402A81ED001A1B495F
:10A5A00091ED000ADFED1A2A01EEA20A81ED000A00
:10A5B00091ED000AF2EE042AB4EEE20AF1EE10FA8E
:10A5C00003DBB2EE040A81ED000A104991ED000AA6
:10A5D000FAEE042AB4EEE20AF1EE10FA03D8BAEE6B
:10A5E000040A81ED000A90ED000A20EE210AD0ED68
:10A5F000012A064991ED003A02EE830AD0ED022AC3
:10A6000002EEC20A70470000C8000020C40000200B
:10A61000CDCC4C3D70B50246002000230024CD79FE
:10A62000072D0DD8CE79CD7AAE420BD0CC791578E6
:10A6300025F07003702505EA04151D43157001E02F
:10A640006FF0030070BD70B50246002000230024A7
:10A650004D790C2D0CD84E794D7AAE420AD04C79FA
:10A66000157825F00F0304F00F051D43157001E068
:10A670006FF0030070BD70B5024600200023002477
:10A680008D790C2D0CD88E798D7AAE420AD08C79CA
:10A69000157825F00F0304F00F051D43157001E038
:10A6A0006FF0030070BD30B5024600200023002487
:10A6B000CD7B022D09D8CC7B157825F030033025D1
:10A6C00005EA04151D43157001E06FF0030030BD6D
:10A6D00070B502460020002300244D7B0D2D0CD8C0
:10A6E0004E7B4D7CAE420AD04C7B157825F00F0393
:10A6F00004F00F051D43157001E06FF0030070BDFD
:10A7000070B502460020002300248D7B042D0CD858
:10A710008E7B8D7CAE420AD08C7B157825F00703AA
:10A7200004F007051D43157001E06FF0030070BDD4
:10A73000F8B504460D460027002000902B46012264
:10A7400021464020FDF734FE06463EBB28791228FC
:10A7500015D1207820F0800747F0800020702B462C
:10A76000012221464020FDF7E2FF0646B6B92B46FE
:10A77000022269465820FDF7DAFF06460EE02078EF
:10A7800000F0800050B1207820F0800727702B4621
:10A79000012221464020FDF7CAFF06463046F8BD9B
:10A7A0002DE9F04104460D462846FFF787FE064690
:10A7B00006B914B94FF0FF360DE0271D294638467B
:10A7C000FEF76FFD06462EB92A4639462046FEF7AB
:10A7D000CEF8064600BF3046BDE8F08138B50446E5
:10A7E0000020009021466846FEF72BF80546B5B9D3
:10A7F0002346012269464020FDF799FF054675B9B9
:10A8000061796172E179E172234601220DF1010162
:10A810004120FDF78CFF05460DB9A179A1722846AC
:10A8200038BD2DE9F04105460E463046FFF746FE9D
:10A83000044604B915B94FF0FF3418E02F1D314616
:10A840003846FEF7CAFD044684B93146284600F072
:10A85000F5F9044654B931462846FFF773FD04461E
:10A8600024B931463846FEF7C9F8044600BF2046F1
:10A87000BDE8F08170B505460E463046FFF71EFE76
:10A88000044604B915B94FF0FF340FE03046FEF727
:10A890004EFD044654B93146284600F0CFF904462F
:10A8A00024B931462846FFF7B7FD0446204670BD5F
:10A8B0002DE9F04105460E463046FFF7FFFD044600
:10A8C00004B915B94FF0FF341EE02F1D314638464C
:10A8D000FEF7A6FD0446B4B93146284600F0AEF9AD
:10A8E000044684B931462846FFF72CFD044654B986
:10A8F00031463846FEF7BEF8044624B9314638469C
:10A90000FEF7DBF8044600BF2046BDE8F0812DE9E4
:10A91000F04105460E463046FFF7D0FD044604B927
:10A9200015B94FF0FF341EE02F1D31463846FEF7B3
:10A93000AFFD0446B4B93146284600F07FF904461D
:10A9400084B931462846FFF7FDFC044654B9314628
:10A950003846FEF798F9044624B931463846FEF7E2
:10A96000B5F9044600BF2046BDE8F0812DE9F0416D
:10A9700004460D462846FFF7A1FD064606B914B960
:10A980004FF0FF360DE0271D29463846FEF7A3FDA0
:10A9900006462EB92A4639462046FEF73DFA0646B7
:10A9A00000BF3046BDE8F0812DE9F04105460E4676
:10A9B0003046FFF783FD044604B915B94FF0FF3464
:10A9C00018E02F1D31463846FEF7BDFD044684B918
:10A9D0003146284600F032F9044654B9314628463B
:10A9E000FFF7B0FC044624B931463846FEF733FA87
:10A9F000044600BF2046BDE8F08138B50446002576
:10AA000000200090207910281CD32079122819D812
:10AA10002079217A884217D021466846FFF788FEC0
:10AA200005468DB923460122211D7E20FDF77FFEBC
:10AA30000546207A102802D10520616A88472079CE
:10AA4000207201E06FF00C05284638BD2DE9F04179
:10AA500004460D462846FFF731FD064606B914B9EF
:10AA60004FF0FF360DE0271D29463846FEF78CFDD6
:10AA700006462EB92A4639462046FEF7A9FA06466A
:10AA800000BF3046BDE8F0812DE9F04105460E4695
:10AA90003046FFF713FD044604B915B94FF0FF34F3
:10AAA00018E02F1D31463846FEF79AFD044684B95A
:10AAB0003146284600F0C2F8044654B931462846CB
:10AAC000FFF740FC044624B931463846FEF79FFAAA
:10AAD000044600BF2046BDE8F0812DE9F04105465F
:10AAE0000E463046FFF7EAFC044604B915B94FF0AC
:10AAF000FF3414E02F1D324639462846FEF791FDFB
:10AB000004465CB93146284600F098F804462CB952
:10AB1000324639462846FEF7FDFA044600BF204675
:10AB2000BDE8F08170B506460C4600250CB1606AA0
:10AB300010B94FF0FF3510E021463046FEF714FC07
:10AB4000054655B92146304600F078F8054625B946
:10AB500021463046FFF760FC0546284670BD70B5BB
:10AB600006460C4600250CB1606A10B94FF0FF355F
:10AB700010E021463046FEF713FC054655B9214644
:10AB8000304600F05BF8054625B921463046FFF710
:10AB900043FC0546284670BD38B5044600200090A9
:10ABA00021466846FDF76BFE0546B5B923460122EE
:10ABB00069464220FDF7BBFD054675B9617B6174AE
:10ABC000E17BE174234601220DF101014320FDF7F1
:10ABD000AEFD05460DB9A17BA174284638BD70B500
:10ABE00004460025207B142805D0207B152802D0A0
:10ABF000207B17281ED1207B217C88421CD0234635
:10AC0000012204F10C017E20FDF791FD0546207C18
:10AC1000142803D15020616A884708E0207C172857
:10AC200005D1207B152802D10A20616A8847207B44
:10AC3000207401E06FF00C05284670BD70B5054624
:10AC40000E4631462846FDF7A4FF044624B9314696
:10AC50002846FDF75CFF0446204670BD014880EDA4
:10AC6000000A7047A0000020014880ED000A7047EC
:10AC7000A40000202DE9F04F2DED108B89B0F0EEEF
:10AC800040EAB0EE608AF0EE418A05460E4617466D
:10AC9000B7EE000AB4EEC08AF1EE10FA02D2B0EEBE
:10ACA000480A01E0B7EE000AB0EE408AB7EE000AAB
:10ACB000F4EEC08AF1EE10FA02D2B0EE680A01E0BA
:10ACC000B7EE000AF0EE408ABFEE000AB4EEC08A8A
:10ACD000F1EE10FA02DDB0EE480A01E0BFEE000A24
:10ACE000B0EE408ABFEE000AF4EEC08AF1EE10FA30
:10ACF00002DDB0EE680A01E0BFEE000AF0EE408A25
:10AD000014229D4904A8F5F7B6FA9CA103C9CDE920
:10AD10000201B0EE6E0AF5F71DFEF0EE409AB0EEBD
:10AD20006E0AF5F7AFFDB0EE409A9FED960A8DEDF5
:10AD3000010A9FED940A8DED000AF0EE680AB0EE6C
:10AD4000490A28EE001A00EEE91A8DED011A28EEE4
:10AD5000291A00EE801A8DED001A00BF9DED000A41
:10AD6000B5EEC00AF1EE10FA01DD012000E000208E
:10AD700082460198F5F7E2FB41EC1D0BB0EE4D0A5F
:10AD8000F0EE6D0AFDF710F9B0EE40CAF0EE60CAC1
:10AD90009FED7D0B53EC102B51EC1C0BF5F736FBA4
:10ADA00041EC1B0B0098F5F7C9FB41EC1C0BB0EE16
:10ADB0004C0AF0EE6C0AFDF7F7F8B0EE40FAF0EE50
:10ADC00060FA53EC1B2B51EC1F0BF5F7E3FB01D2A0
:10ADD000012000E0002081469DED010AB5EEC00A89
:10ADE000F1EE10FA01DD012000E0002083464FEA79
:10ADF0008A00022101FB090000EB0B0802A810F8F1
:10AE0000084000EE904AF8EE600A9FED611A60EE8D
:10AE1000810AB0EE600AF5F79DFDDDED010A20EE36
:10AE200020BA00EE904AF8EE600A9FED591A60EEE3
:10AE3000810AB0EE600AF5F725FDDDED000AB0EEFF
:10AE40004BAA00EE60AA00EE904AB8EE601ADFED61
:10AE5000501ADFED4F0A51EE210AB0EE600AF5F705
:10AE600011FDDDED000A20EE20BA00EE904AB8EEAA
:10AE7000601ADFED471ADFED460A51EE210AB0EE07
:10AE8000600AF5F767FDDDED010AF0EE4BAA40EE32
:10AE9000C0AAB7EE000A30EE4A0A30EE6AEA06208F
:10AEA00094FBF0F100FB114000EB400004A9085CAA
:10AEB00000EE100AB8EE400A20EE2A0A601E00EBEF
:10AEC0004000085C00EE900AF8EE600A0AEE200AE4
:10AED000F0EE000A8EEE201A30EE010A85ED000A2F
:10AEE000062094FBF0F100FB114000EB400004A9A8
:10AEF0000844407800EE100AB8EE400A20EE2A0A14
:10AF0000601E00EB40000844407800EE900AF8EE26
:10AF1000600A0AEE200AF0EE000A8EEE201A30EEE9
:10AF2000010A86ED000A062094FBF0F100FB1140B7
:10AF300000EB400004A90844807800EE100AB8EE47
:10AF4000400A20EE2A0A601E00EB40000844807888
:10AF500000EE900AF8EE600A0AEE200AF0EE000A0F
:10AF60008EEE201A30EE010A87ED000A09B0BDEC22
:10AF7000108BBDE8F08F00009CC200080406050598
:10AF80000301020200000000000000E07AB6FB3F6F
:10AF9000920A863F10B5DFED722A9FED712ADFED30
:10AFA000701A9FED6F1ADFED6E0A9FED6D0AFEF7C6
:10AFB00079FEDFED6B2A9FED6A2ADFED691A9FEDBE
:10AFC000681ADFED670A9FED660AFFF737F89FED15
:10AFD000641ADFED630A9FED620A6248FFF78AFA9E
:10AFE0009FED5F1ADFED5E0A9FED5D0A5E48FFF799
:10AFF00081FA9FED5B1ADFED5A0A9FED590A5B4813
:10B00000FFF778FAFBF7C6FBFBF7D6FAFBF790FDE4
:10B010000020FDF70FF90120FDF70CF9FDF780F98D
:10B020005348F9F7C7FE04215248FAF72FFA0821CE
:10B030005048FAF72BFA0C214E48FAF727FA00216C
:10B040004D48FAF723FA04214B48FAF71FFA082172
:10B050004948FAF71BFA4FF4FA70F7F7ABFB9FED8C
:10B06000401ADFED3F0AB6EE000AFEF747FE4FF446
:10B07000FA70F7F79FFB414890ED000A404880EDD9
:10B08000000A9FED371ADFED360A9FED350AFEF70D
:10B0900035FE6420F7F78EFB9FED311ADFED300AA5
:10B0A000B6EE000AFEF7F6FF4FF4FA70F7F782FBF0
:10B0B000344890ED000A344880ED000A9FED281ACC
:10B0C000DFED270A9FED260AFEF7E4FF6420F7F77D
:10B0D00071FB9FED2E1ADFED220A9FED2D0A21480C
:10B0E000FFF708FA9FED1E1ADFED2A0A9FED2A0AE4
:10B0F0001D48FFF7FFF99FED291ADFED290A9FEDA3
:10B10000290A1A48FFF7F6F9DFED152A9FED262ADE
:10B11000DFED261A9FED121ADFED230A9FED230AB9
:10B12000FEF7C0FDDFED0E2A9FED1F2ADFED1F1A8F
:10B130009FED0B1ADFED1C0A9FED1C0AFEF77EFF48
:10B140007F211B48F5F726FD1948F6F7EDFA7F2118
:10B150001848F5F71FFD1748F6F7E6FA10BD00008E
:10B16000000000008C09002098090020A40900209C
:10B17000680300201C030020B40300207800002096
:10B180007C000020980000209C0000203108AC3C8E
:10B190003333333E6F12033ACDCCCC3D6F12033BB9
:10B1A0000AD7A33C8FC2F53C0AD7233C3333B33EC6
:10B1B000D40000204001002010B52DED028BF0EEF0
:10B1C000408ADFED0C0AB0EE680AFCF73FFFB0EEF4
:10B1D000408AB5EEC08AF1EE10FA05D29FED050A5D
:10B1E00038EE000AB0EE408AB0EE480ABDEC028BA1
:10B1F00010BD0000DB0FC940010002000400060082
:10B2000008000A000C00100020004000800000012F
:10B210000101010307010000080402040801010103
:10B2200000000000000000000102030406070809F6
:10B230000000000001020304000000000000000004
:10B240000000000000000000000000F80000000006
:10B25000000000333000000000160E00160E000043
:10B26000000000000000000040C07840C0784000AE
:10B27000043F04043F040400007088FC0830000010
:10B28000001820FF211E0000F008F000E018000068
:10B2900000211C031E211E0000F008887000000021
:10B2A0001E21232419272110000000160E00000083
:10B2B0000000000000000000000000E01804020090
:10B2C000000000071820400000020418E000000001
:10B2D0000040201807000000404080F080404000FF
:10B2E0000202010F01020200000000F00000000055
:10B2F0000101011F01010100000000000000000029
:10B3000000B070000000000000000000000000001D
:10B310000001010101010101000000000000000026
:10B3200000303000000000000000000080601804C1
:10B33000006018060100000000E010080810E0009E
:10B34000000F102020100F00001010F80000000067
:10B350000020203F202000000070080808887000AE
:10B36000003028242221300000300888884830002E
:10B370000018202020110E000000C02010F800004E
:10B3800000070424243F240000F8088888080800E7
:10B390000019212020110E0000E0108888180000FC
:10B3A000000F112020110E0000380808C8380800CE
:10B3B0000000003F0000000000708808088870004E
:10B3C000001C222121221C0000E010080810E000CF
:10B3D0000000312222110F00000000C0C000000058
:10B3E0000000003030000000000000C0C00000007D
:10B3F000000080B0700000000000804020100800B5
:10B40000000102040810200040404040404040003D
:10B410000404040404040400000810204080000018
:10B420000020100804020100007048080808F0001D
:10B430000000003036010000C030C828E810E000ED
:10B440000718272423140B000000C038E000000078
:10B45000203C23020227382008F8888888700000E2
:10B46000203F202020110E00C030080808083800B6
:10B47000071820202010080008F808080810E0002D
:10B48000203F202020100F0008F88888E8081000CE
:10B49000203F20202320180008F88888E8081000A2
:10B4A000203F200003000000C030080808380000DA
:10B4B00007182020221E020008F808000008F808DB
:10B4C000203F210101213F20000808F80808000062
:10B4D0000020203F2020000000000808F808080095
:10B4E000C08080807F00000008F888C0281808000D
:10B4F000203F20012638200008F808000000000046
:10B50000203F20202020300008F8F800F8F808003C
:10B51000203F003F003F200008F830C00008F80836
:10B52000203F200007183F00E01008080810E00046
:10B530000F10202020100F0008F808080808F0005D
:10B54000203F210101010000E01008080810E00080
:10B550000F18242438504F0008F888888888700015
:10B56000203F2000030C30200070880808083800B5
:10B570000038202121221C00180808F808081800AB
:10B580000000203F2000000008F808000008F8082C
:10B59000001F202020201F000878880000C83808DD
:10B5A000000007380E010000F80800F80008F80055
:10B5B000033C0700073C03000818688080681808EF
:10B5C00020302C03032C30200838C800C83808006D
:10B5D0000000203F2000000010080808C8380800BC
:10B5E0002038262120201800000000FE0202020060
:10B5F0000000007F40404000000C30C00000000010
:10B60000000000010638C00000020202FE00000037
:10B61000004040407F000000002010080408102077
:10B62000000000000000000000000000000000001A
:10B6300080808080808080800002040800000000FC
:10B6400000000000000000000000808080800000FA
:10B650000019242222223F2008F8008080000000E8
:10B66000003F112020110E000000008080800000AB
:10B67000000E112020201100000000808088F800BA
:10B68000000E112020103F200000808080800000EC
:10B69000001F222222221300008080F08888881850
:10B6A0000020203F2020000000008080808080005B
:10B6B000006B94949493600008F8008080800000F0
:10B6C000203F210000203F200080989800000000CB
:10B6D0000020203F202000000000008098980000FB
:10B6E00000C08080807F000008F80000808080001B
:10B6F000203F24022D302000000808F80000000040
:10B700000020203F202000008080808080808000FA
:10B71000203F20003F20003F00808000808000000C
:10B7200000203F2100203F2000008080808000001A
:10B73000001F202020201F0080800080800000004B
:10B7400080FFA12020110E0000000080808080007A
:10B75000000E112020A0FF8080808000808080006B
:10B7600020203F2120000100000080808080800098
:10B770000033242424241900008080E0808000000D
:10B780000000001F2020000080800000008080005A
:10B79000001F202020103F208080800000808080BB
:10B7A00000010E300806010080800080008080804B
:10B7B0000F300C030C300F00008080008080800070
:10B7C0000020312E0E31200080808000008080809B
:10B7D00080818E701806010000808080808080004B
:10B7E0000021302C2221300000000000807C020269
:10B7F00000000000003F404000000000FF0000008B
:10B8000000000000FF0000000002027C8000000039
:10B810000040403F00000000008040408000008069
:10B820000000000000010100000000000000000016
:10B83000002F000000000700070000147F147F1491
:10B8400000242A7F2A120023130864620036495517
:10B85000225000000007000000001C2241000000F0
:10B8600041221C000014083E08140008083E080885
:10B87000000000A0600000080808080800006060E0
:10B880000000002010080402003E5149453E00001F
:10B89000427F4000004261514946002141454B3101
:10B8A000001814127F10002745454539003C4A49CD
:10B8B000493000017109050300364949493600063F
:10B8C0004949291E000036360000000056360000A7
:10B8D0000008142241000014141414140000412222
:10B8E0001408000201510906003E4955592E007CFA
:10B8F0001211127C007F49494936003E41414122E4
:10B90000007F4141221C007F49494941007F0909CC
:10B910000901003E4149497A007F0808087F00007C
:10B92000417F4100002040413F01007F0814224137
:10B93000007F40404040007F020C027F007F0408EF
:10B94000107F003E4141413E007F09090906003E4B
:10B950004151215E007F0919294600464949493174
:10B960000001017F0101003F4040403F001F204097
:10B97000201F003F4038403F006314081463000755
:10B980000870080700615149454300007F414100AC
:10B99000000204081020000041417F000004020161
:10B9A000020400404040404000000102040000202A
:10B9B00054545478007F4844443800384444442068
:10B9C00000384444487F00385454541800087E0915
:10B9D00001020018A4A4A47C007F080404780000DD
:10B9E000447D4000004080847D00007F102844009A
:10B9F0000000417F4000007C04180478007C0804AB
:10BA0000047800384444443800FC242424180018E6
:10BA1000242418FC007C08040408004854545420D2
:10BA200000043F444020003C4040207C001C20405B
:10BA3000201C003C4030403C004428102844001C9E
:10BA4000A0A0A07C004464544C440000087F410046
:10BA50000000007F00000000417F0800000804088B
:10BA60001008FF01818181FD8991A1C1FD81818142
:10BA700001FFFF808080809F888482819F808080FA
:10BA800080FF000000000000000008143E0387272C
:10BA90000F86DCE0E2C4C0C0C0800080000000006F
:10BAA000000000000000000000000000000008C0CE
:10BAB000FCFE608DDFFFFFFFFFFFFFFFFEE397FF50
:10BAC000FF1E3C3CF8F0F0E08000000000000000A9
:10BAD0000000387F1F1F16072004F6FFFFFFFFFF3F
:10BAE000FFFFFFFFFCFFF3040000A00303071F0C90
:10BAF00008200080A08080E060300102000000018A
:10BB0000CAE0C081C3F79FFFFFFFFFDDE000000038
:10BB1000080000000000000000000000000000001D
:10BB20000000000000009AFFFFBFE0F9783F3F3FB0
:10BB3000371F0000000000000000000000000000AF
:10BB40000000000000000000080000111F1F1D057C
:10BB50000F0F0E0C000000000000000000000000AD
:10BB6000000000000000000008143E0387270F8635
:10BB7000DCE0E2C4C0C0C080008000000000000023
:10BB800000000000000000000000000008C0FCFEF3
:10BB9000608DDFFFFFFFFFFFFFFFFEE397FFFF1E4C
:10BBA0003C3CF8F0F0E080000000000000000000E5
:10BBB000387F1F1F16072004F6FFFFFFFFFFFFFF60
:10BBC000FFFFFCFFF3040000A00303071F0C082085
:10BBD0000080A08080E06030010200000001CAE027
:10BBE000C081C3F79FFFFFFFFFDDE00000000800FA
:10BBF0000000000000000000000000000000000045
:10BC0000000000009AFFFFBFE0F9783F3F3F371F79
:10BC10000000000000000000000000000000000024
:10BC2000000000000000080000111F1F1D050F0F7D
:10BC30000E0C0000000000000000000000000000EA
:10BC40000000000000000000000078787C7C7C7818
:10BC500078808080000000000000000000000000EC
:10BC60000000000000000000000000000000008054
:10BC7000F0F8F09C7AFCFEFFFBFFFFDEFFD7FEFC36
:10BC8000E0C0000000000000000000008000000094
:10BC90008088CCFC0E0F0707030100C00137173F57
:10BCA0003FFFFFFFFFFFFFFFFFFFFCC000000000A2
:10BCB0000000000102020202030300000000000570
:10BCC0000504018000004000F11F01077FFFFFDF36
:10BCD0008C0F0F00000000000000000000000000BA
:10BCE00000000000000000010000A100150909008B
:10BCF00000E8F0F8FFFF9F0F0F00000000000000B9
:10BD00000000000000000000000000000000000033
:10BD1000001F1F1F000300100000010303030200A7
:10BD20000010000000000000000000000000000003
:10BD30000000000000000000003C1C040446170F37
:10BD40009E048000000000000000000000000000D1
:10BD5000000000200010103070F0B0F0F0F0B0F8EB
:10BD600078283440BCEA3EFEBFFFFEEFE0BE7FBE57
:10BD7000CE7AF0B03014347C78380408080C1818E7
:10BD8000180003000000000000000000003C010754
:10BD90000C130FDFFDFFFFFEF8E7DFFFFDF860008B
:10BDA0000000000000000000000000000000000093
:10BDB000020000060001808000001271BBADEBFBA9
:10BDC00077FBF3F73DFD7F3E02800000000000009E
:10BDD0000000000000000000000000000000000063
:10BDE0000000C2D0FCE9AE056000077FEDEDFBFF6F
:10BDF0000000000000000000000000000000000043
:10BE0000000000000000000000000001030F1EFD04
:10BE1000FC7080200881071FEF7FE4000000000015
:10BE20000000000000000000000000000000000012
:10BE300000000000000404070307060700000000DC
:10BE400000010101000000000000000000000000EF
:10BE5000000000000000000000380C0646160E9C92
:10BE60009C800000000000000000000000000000B6
:10BE700000000000000000804050C0C0E0C0C0C012
:10BE8000E0E0F078E8B4F4B08F7EFEBFFFFFFFF98A
:10BE90009E7FFECE7EFC3C7C587878F0E0E0C0804F
:10BEA0000000102060607060603109010101010034
:10BEB0000000000017070E130F9FFFFFFFFFFEFBA0
:10BEC000E7FFFFFFFC500000000001030303000038
:10BED000000000000000000000000000000004005E
:10BEE000010080006046F679AFFDFDAF7B12464B46
:10BEF0000B7F0B00000000000000000000000000AD
:10BF00000000000000000000000000000000000031
:10BF1000EEF9F0FF9F070120386048EFBCC7000032
:10BF20000000000000000000000000000000000011
:10BF300000000000000000000000000000000103FD
:10BF40001F7EFFF870800000800307FFFEFCE0000A
:10BF500000000000000000000000000000000000E1
:10BF600000000000000000000000000004040703BF
:10BF700007030302000000000001010000000000B0
:10BF800000000000000000000000000000000000B1
:10BF9000000000000C1E1E1E86860F1FBE1800002B
:10BFA0000000000000000000000000000000000091
:10BFB0000000000000000000000000000010000071
:10BFC00000E0F0F8FCF886FFFEFEFEFFFEFFFFE853
:10BFD00000FEFCF8F8E08000000000000000000017
:10BFE000000000000000000040E07070381C1C1EC3
:10BFF0000F0F078309030705C3CFFFFFFFFFFFFFF5
:10C00000FCFFFFFFEF1F3F7EFCF080000000000000
:10C010000000000000000008303060607030100444
:10C020000002008080F8BCF8FBFF7F3F1F0B0F1D54
:10C03000050001009100000000000706000000005C
:10C0400000000000000000000000000000000000F0
:10C050000000183F7FFFFFF7E1C000000010000064
:10C06000067EAEDFDA3800000000000000000000AD
:10C0700000000000000000000000000000000000C0
:10C0800000000000000081878FCFFFFEF8BCF08029
:10C09000000E1FEFFF010000000000000000000084
:10C0A0000000000000000000000000000000000090
:10C0B0000000000000010101010101010000000079
:10C0C0000000070707060000000000000000000055
:10C0D000000200000000000000000000000000005E
:10C0E0000000000000000000000000000000000050
:10C0F0000000000000000000000000000000000040
:10C10000000000000000000000000000001004001B
:10C11000808CCE8E43030F8E9C1C0020800000007C
:10C12000000000000000000000000000000000000F
:10C130000000000000000000F4FEEEF0BFFFFFFF73
:10C14000FFFFFFFF3FC0D4F0508000000000000060
:10C1500000000000000000000000000000000000DF
:10C160000050AEFFFFFFFFFFFFFF3F3F3F77F9FEAD
:10C17000FFFF2F0000000000000000000000000092
:10C18000000000000000000000000068F4D0F7FF8D
:10C190003F3F4F135010602062287F7F2B0000002C
:10C1A000000000000000000000000000000000008F
:10C1B000000000000018183D1FBFFFF8F1B930A0C3
:10C1C0000C296C7F12000600000000000000000037
:10C1D000000000000000000000000000000000005F
:10C1E0000000010101030100000103070707070721
:10C1F000000400000000000000000000000000003B
:10C20000000000000000000080CCCE8F0F030F8ED6
:10C210003E0C00000000000000000000F8FEFFFEE1
:10C22000F9FFFFFFFFBFFFFF7F9EE0F0000000006F
:10C23000008084CEFBBFFFFFFF7F3F3F7FF70B00F7
:10C240007EFFFFE7000001001CECFAF6FEFF3F2135
:10C25000C0C010B8420180C0E020031F1F100010B2
:10C2600024379FBFFFFBF07D712618EEF8700003A6
:10C27000070F0E0E0C04030000010303030100006E
:10C28000000000050707060004000000000000048D
:10C29000040110204080020108080204010000018E
:10C2A0000100000100000101000001010001000087
:10C2B00000000000920E493CB10AC93C2BC3163D58
:10C2C0002EFB483D752B7B3D04A9963D80B6AF3DC6
:10C2D00036BDC83D2FBCE13D73B2FA3D87CF093E64
:10C2E0008340163EB5AB223EA2102F3ECF6E3B3EA2
:10C2F000C2C5473E0115543E135C603E7F9A6C3EBA
:10C30000CCCF783EC07D823E938E883E229A8E3E70
:10C3100032A0943E86A09A3EE59AA03E128FA63E99
:10C32000D47CAC3EEF63B23E2A44B83E491DBE3ECB
:10C3300015EFC33E53B9C93ECA7BCF3E4136D53E09
:10C3400080E8DA3E4F92E03E7533E63EBBCBEB3EF3
:10C35000EA5AF13ECBE0F63E275DFC3EE4E7003FC3
:10C360003D9C033F824B063F9BF5083F6B9A0B3F7A
:10C37000DA390E3FCDD3103F2A68133FD9F6153F67
:10C38000C07F183FC6021B3FD17F1D3FCBF61F3F2A
:10C390009967223F25D2243F5636273F1594293FDF
:10C3A0004AEB2B3FDE3B2E3FBB85303FC9C8323FB7
:10C3B000F304353F233A373F4268393F3B8F3B3FD9
:10C3C000F9AE3D3F67C73F3F70D8413F01E2433F71
:10C3D00003E4453F65DE473F12D1493FF8BB4B3F81
:10C3E000029F4D3F207A4F3F3D4D513F4918533FEB
:10C3F00031DB543FE595563F5348583F6AF2593F69
:10C400001A945B3F532D5D3F05BE5E3F2146603F62
:10C4100097C5613F5A3C633F59AA643F880F663F06
:10C42000D86B673F3CBF683FA7096A3F0C4B6B3F27
:10C430005E836C3F93B26D3F9ED86E3F73F56F3F46
:10C440000809713F5213723F4714733FDD0B743F6D
:10C450000BFA743FC6DE753F07BA763FC58B773F50
:10C46000F853783F9812793F9DC7793F02737A3F1E
:10C47000BE147B3FCDAC7B3F283B7C3FC9BF7C3F9C
:10C48000AC3A7D3FCCAB7D3F23137E3FB0707E3F07
:10C490006DC47E3F580E7F3F6D4E7F3FAB847F3F24
:10C4A0000FB17F3F97D37F3F43EC7F3F11FB7F3F2F
:10C4B0000000803F11FB7F3F43EC7F3F97D37F3FDE
:10C4C0000FB17F3FAB847F3F6D4E7F3F580E7F3F64
:10C4D0006DC47E3FB0707E3F23137E3FCCAB7D3F6B
:10C4E000AC3A7D3FC9BF7C3F283B7C3FCDAC7B3F16
:10C4F000BE147B3F02737A3F9DC7793F9812793F04
:10C50000F853783FC58B773F07BA763FC6DE753F55
:10C510000BFA743FDD0B743F4714733F5213723FA5
:10C520000809713F73F56F3F9ED86E3F93B26D3F20
:10C530005E836C3F0C4B6B3FA7096A3F3CBF683F73
:10C54000D86B673F880F663F59AA643F5A3C633FE8
:10C5500097C5613F2146603F05BE5E3F532D5D3F5D
:10C560001A945B3F6AF2593F5348583FE595563F4E
:10C5700031DB543F4918533F3D4D513F207A4F3FE7
:10C58000029F4D3FF8BB4B3F12D1493F65DE473F0D
:10C5900003E4453F01E2433F70D8413F67C73F3F57
:10C5A000F9AE3D3F3B8F3B3F4268393F233A373F2F
:10C5B000F304353FC9C8323FBB85303FDE3B2E3FD9
:10C5C0004AEB2B3F1594293F5636273F25D2243F6F
:10C5D0009967223FCBF61F3FD17F1D3FC6021B3F0D
:10C5E000C07F183FD9F6153F2A68133FCDD3103FBF
:10C5F000DA390E3F6B9A0B3F9BF5083F824B063FA3
:10C600003D9C033FE4E7003F275DFC3ECBE0F63E68
:10C61000EA5AF13EBBCBEB3E7533E63E4F92E03E2D
:10C6200080E8DA3E4136D53ECA7BCF3E53B9C93E9B
:10C6300015EFC33E491DBE3E2A44B83EEF63B23EED
:10C64000D47CAC3E128FA63EE59AA03E86A09A3ED0
:10C6500032A0943E229A8E3E938E883EC07D823ECA
:10C66000CCCF783E7F9A6C3E135C603E0115543E01
:10C67000C2C5473ECF6E3B3EA2102F3EB5AB223E19
:10C680008340163E87CF093E73B2FA3D2FBCE13D91
:10C6900036BDC83D80B6AF3D04A9963D752B7B3DA8
:10C6A0002EFB483D2BC3163DB10AC93C920E493CB6
:10C6B00000000000920E49BCB10AC9BC2BC316BDD4
:10C6C0002EFB48BD752B7BBD04A996BD80B6AFBDC2
:10C6D00036BDC8BD2FBCE1BD73B2FABD87CF09BE60
:10C6E000834016BEB5AB22BEA2102FBECF6E3BBE9E
:10C6F000C2C547BE011554BE135C60BE7F9A6CBEB6
:10C70000CCCF78BEC07D82BE938E88BE229A8EBE6C
:10C7100032A094BE86A09ABEE59AA0BE128FA6BE95
:10C72000D47CACBEEF63B2BE2A44B8BE491DBEBEC7
:10C7300015EFC3BE53B9C9BECA7BCFBE4136D5BE05
:10C7400080E8DABE4F92E0BE7533E6BEBBCBEBBEEF
:10C75000EA5AF1BECBE0F6BE275DFCBEE4E700BFBF
:10C760003D9C03BF824B06BF9BF508BF6B9A0BBF76
:10C77000DA390EBFCDD310BF2A6813BFD9F615BF63
:10C78000C07F18BFC6021BBFD17F1DBFCBF61FBF26
:10C79000996722BF25D224BF563627BF159429BFDB
:10C7A0004AEB2BBFDE3B2EBFBB8530BFC9C832BFB3
:10C7B000F30435BF233A37BF426839BF3B8F3BBFD5
:10C7C000F9AE3DBF67C73FBF70D841BF01E243BF6D
:10C7D00003E445BF65DE47BF12D149BFF8BB4BBF7D
:10C7E000029F4DBF207A4FBF3D4D51BF491853BFE7
:10C7F00031DB54BFE59556BF534858BF6AF259BF65
:10C800001A945BBF532D5DBF05BE5EBF214660BF5E
:10C8100097C561BF5A3C63BF59AA64BF880F66BF02
:10C82000D86B67BF3CBF68BFA7096ABF0C4B6BBF23
:10C830005E836CBF93B26DBF9ED86EBF73F56FBF42
:10C84000080971BF521372BF471473BFDD0B74BF69
:10C850000BFA74BFC6DE75BF07BA76BFC58B77BF4C
:10C86000F85378BF981279BF9DC779BF02737ABF1A
:10C87000BE147BBFCDAC7BBF283B7CBFC9BF7CBF98
:10C88000AC3A7DBFCCAB7DBF23137EBFB0707EBF03
:10C890006DC47EBF580E7FBF6D4E7FBFAB847FBF20
:10C8A0000FB17FBF97D37FBF43EC7FBF11FB7FBF2B
:10C8B000000080BF11FB7FBF43EC7FBF97D37FBFDA
:10C8C0000FB17FBFAB847FBF6D4E7FBF580E7FBF60
:10C8D0006DC47EBFB0707EBF23137EBFCCAB7DBF67
:10C8E000AC3A7DBFC9BF7CBF283B7CBFCDAC7BBF12
:10C8F000BE147BBF02737ABF9DC779BF981279BF00
:10C90000F85378BFC58B77BF07BA76BFC6DE75BF51
:10C910000BFA74BFDD0B74BF471473BF521372BFA1
:10C92000080971BF73F56FBF9ED86EBF93B26DBF1C
:10C930005E836CBF0C4B6BBFA7096ABF3CBF68BF6F
:10C94000D86B67BF880F66BF59AA64BF5A3C63BFE4
:10C9500097C561BF214660BF05BE5EBF532D5DBF59
:10C960001A945BBF6AF259BF534858BFE59556BF4A
:10C9700031DB54BF491853BF3D4D51BF207A4FBFE3
:10C98000029F4DBFF8BB4BBF12D149BF65DE47BF09
:10C9900003E445BF01E243BF70D841BF67C73FBF53
:10C9A000F9AE3DBF3B8F3BBF426839BF233A37BF2B
:10C9B000F30435BFC9C832BFBB8530BFDE3B2EBFD5
:10C9C0004AEB2BBF159429BF563627BF25D224BF6B
:10C9D000996722BFCBF61FBFD17F1DBFC6021BBF09
:10C9E000C07F18BFD9F615BF2A6813BFCDD310BFBB
:10C9F000DA390EBF6B9A0BBF9BF508BF824B06BF9F
:10CA00003D9C03BFE4E700BF275DFCBECBE0F6BE64
:10CA1000EA5AF1BEBBCBEBBE7533E6BE4F92E0BE29
:10CA200080E8DABE4136D5BECA7BCFBE53B9C9BE97
:10CA300015EFC3BE491DBEBE2A44B8BEEF63B2BEE9
:10CA4000D47CACBE128FA6BEE59AA0BE86A09ABECC
:10CA500032A094BE229A8EBE938E88BEC07D82BEC6
:10CA6000CCCF78BE7F9A6CBE135C60BE011554BEFD
:10CA7000C2C547BECF6E3BBEA2102FBEB5AB22BE15
:10CA8000834016BE87CF09BE73B2FABD2FBCE1BD8D
:10CA900036BDC8BD80B6AFBD04A996BD752B7BBDA4
:10CAA0002EFB48BD2BC316BDB10AC9BC920E49BCB2
:10CAB00000000080D4CA000800000020D40000005C
:10CAC00008820008A8CB0008D4000020DC18000071
:10CAD00018820008000000000000000010000000A4
:10CAE000010000000024F40000000000000000002D
:10CAF0000000000001000000000000000100000034
:10CB00000000000000000000000000000000000025
:10CB10000000000000000000000000000000000015
:10CB20000000003F0000003F010000000000000086
:10CB300000000000000000000000000000000000F5
:10CB400000000000000000000000000000000000E5
:10CB500000000000000000000000000000000000D5
:10CB600000000000000000000000000000000000C5
:10CB700000000000000000000000000000000000B5
:10CB8000000000000000803F0000803F0000803F68
:10CB90000000803F000000000000000000000000D6
:08CBA00001010000000000008B
:04000005080001D915
:00000001FF
